date,watch_time_minutes,views,average_view_duration,average_percentage_viewed,card_clicks,cards_shown,clicks_per_card_shown,card_teaser_clicks,card_teasers_shown,clicks_per_card_teaser_shown,end_screen_elements_shown,end_screen_element_clicks,clicks_per_end_screen_element_shown,youtube_red_watch_time_minutes,youtube_red_views,youtube_red_watch_time_hours,annotation_clicks,clickable_annotations_shown,annotation_click_through_rate,annotation_closes,closable_annotations_shown,annotation_close_rate,annotations_shown,videos_published,videos_added,likes,likes_added,likes_removed,dislikes,dislikes_added,dislikes_removed,shares,comments,videos_in_playlists,videos_added_to_playlists,videos_removed_from_playlists,subscribers,subscribers_gained,subscribers_lost,watch_time_hours,channel
2011-03-30,0,1,0,0,0,0,0,0,0,0,0,0,0,0,0,0,0,0,0,0,0,0,0,,,0,0,0,0,0,0,0,0,0,0,0,0,0,0,0,Sliceace
2011-06-01,0,0,0,0,0,0,0,0,0,0,0,0,0,0,0,0,0,0,0,0,0,0,0,,,1,1,0,0,0,0,0,0,0,0,0,0,0,0,0,Sliceace
2011-07-30,0,2,0,0,0,0,0,0,0,0,0,0,0,0,0,0,0,0,0,0,0,0,0,,,0,0,0,0,0,0,0,0,0,0,0,0,0,0,0,Sliceace
2011-08-03,0,1,0,0,0,0,0,0,0,0,0,0,0,0,0,0,0,0,0,0,0,0,0,,,0,0,0,0,0,0,0,0,0,0,0,0,0,0,0,Sliceace
2011-08-05,0,1,0,0,0,0,0,0,0,0,0,0,0,0,0,0,0,0,0,0,0,0,0,,,0,0,0,0,0,0,0,0,0,0,0,0,0,0,0,Sliceace
2011-08-21,0,1,0,0,0,0,0,0,0,0,0,0,0,0,0,0,0,0,0,0,0,0,0,,,0,0,0,0,0,0,0,0,0,0,0,0,0,0,0,Sliceace
2011-09-06,0,1,0,0,0,0,0,0,0,0,0,0,0,0,0,0,0,0,0,0,0,0,0,,,0,0,0,0,0,0,0,0,0,0,0,0,0,0,0,Sliceace
2011-11-17,0,2,0,0,0,0,0,0,0,0,0,0,0,0,0,0,0,0,0,0,0,0,0,,,0,0,0,0,0,0,0,0,0,0,0,0,0,0,0,Sliceace
2011-11-26,0,1,0,0,0,0,0,0,0,0,0,0,0,0,0,0,0,0,0,0,0,0,0,,,1,1,0,0,0,0,0,1,0,0,0,0,0,0,0,Sliceace
2011-12-05,0,1,0,0,0,0,0,0,0,0,0,0,0,0,0,0,0,0,0,0,0,0,0,,,0,0,0,0,0,0,0,0,0,0,0,0,0,0,0,Sliceace
2012-09-02,0,2,0.1,9.97,0,0,0,0,0,0,0,0,0,0,0,0,0,0,0,0,0,0,0,,,0,0,0,0,0,0,0,0,0,0,0,0,0,0,0,Sliceace
2012-09-20,1,4,0.3,31.67,0,0,0,0,0,0,0,0,0,0,0,0,0,0,0,0,0,0,0,,,0,0,0,0,0,0,0,0,0,0,0,0,0,0,0,Sliceace
2012-09-21,1,5,0.2,23.58,0,0,0,0,0,0,0,0,0,0,0,0,0,0,0,0,0,0,0,,,0,0,0,0,0,0,0,0,0,0,0,0,0,0,0,Sliceace
2012-11-11,0,1,0,83,0,0,0,0,0,0,0,0,0,0,0,0,0,0,0,0,0,0,0,,,0,0,0,0,0,0,0,0,0,0,0,0,0,0,0,Sliceace
2012-11-13,0,1,0,0,0,0,0,0,0,0,0,0,0,0,0,0,0,0,0,0,0,0,0,,,0,0,0,0,0,0,0,0,0,0,0,0,0,0,0,Sliceace
2012-11-22,1,2,0.5,49.56,0,0,0,0,0,0,0,0,0,0,0,0,0,0,0,0,0,0,0,,,0,0,0,0,0,0,0,0,0,0,0,0,0,0,0,Sliceace
2012-11-24,0,1,0,0,0,0,0,0,0,0,0,0,0,0,0,0,0,0,0,0,0,0,0,,,0,0,0,0,0,0,0,0,0,0,0,0,0,0,0,Sliceace
2012-12-01,0,1,0,0,0,0,0,0,0,0,0,0,0,0,0,0,0,0,0,0,0,0,0,,,0,0,0,0,0,0,0,0,0,0,0,0,0,0,0,Sliceace
2013-03-10,0,1,0.2,34.19,0,0,0,0,0,0,0,0,0,0,0,0,0,0,0,0,0,0,0,,,0,0,0,0,0,0,0,0,0,0,0,0,0,0,0,Sliceace
2013-03-20,1,2,0.7,94.52,0,0,0,0,0,0,0,0,0,0,0,0,0,0,0,0,0,0,0,,,0,0,0,0,0,0,0,0,0,0,0,0,0,0,0,Sliceace
2013-04-04,0,1,0.4,51.4,0,0,0,0,0,0,0,0,0,0,0,0,0,0,0,0,0,0,0,,,0,0,0,0,0,0,0,0,0,0,0,0,0,0,0,Sliceace
2013-09-17,0,1,0.2,20.62,0,0,0,0,0,0,0,0,0,0,0,0,0,0,0,0,0,0,0,,,0,0,0,0,0,0,0,0,0,0,0,0,0,0,0,Sliceace
2013-09-28,19,28,0.7,73.01,0,0,0,0,0,0,0,0,0,0,0,0,0,0,0,0,0,0,0,,,0,0,0,0,0,0,0,0,0,0,0,0,0,0,0,Sliceace
2013-09-30,13,20,0.7,72.06,0,0,0,0,0,0,0,0,0,0,0,0,0,0,0,0,0,0,0,,,0,0,0,0,0,0,0,0,0,0,0,0,0,0,0,Sliceace
2013-10-01,3,4,0.7,84.17,0,0,0,0,0,0,0,0,0,0,0,0,0,0,0,0,0,0,0,,,0,0,0,0,0,0,0,0,0,0,0,0,0,0,0,Sliceace
2013-11-15,8,5,1.7,117.46,0,0,0,0,0,0,0,0,0,0,0,0,0,0,0,0,0,0,0,1,1,0,0,0,0,0,0,6,1,0,0,0,0,0,0,0,Sliceace
2013-11-16,0,0,0,0,0,0,0,0,0,0,0,0,0,0,0,0,0,0,0,0,0,0,0,,,1,1,0,0,0,0,0,0,0,0,0,0,0,0,0,Sliceace
2013-11-19,1,1,1.4,98.6,0,0,0,0,0,0,0,0,0,0,0,0,0,0,0,0,0,0,0,,,0,0,0,0,0,0,0,0,0,0,0,0,0,0,0,Sliceace
2013-11-21,3,2,1.4,98.26,0,0,0,0,0,0,0,0,0,0,0,0,0,0,0,0,0,0,0,,,0,0,0,0,0,0,0,0,0,0,0,0,0,0,0,Sliceace
2013-11-22,1,1,0.9,64.67,0,0,0,0,0,0,0,0,0,0,0,0,0,0,0,0,0,0,0,,,0,0,0,0,0,0,0,0,0,0,0,0,0,0,0,Sliceace
2013-11-24,1,1,1.4,98.13,0,0,0,0,0,0,0,0,0,0,0,0,0,0,0,0,0,0,0,,,0,0,0,0,0,0,0,0,0,0,0,0,0,0,0,Sliceace
2013-11-26,1,1,0.8,52.7,0,0,0,0,0,0,0,0,0,0,0,0,0,0,0,0,0,0,0,,,0,0,0,0,0,0,0,0,0,0,0,0,0,0,0,Sliceace
2013-11-28,0,1,0.1,3.78,0,0,0,0,0,0,0,0,0,0,0,0,0,0,0,0,0,0,0,,,0,0,0,0,0,0,0,0,0,0,0,0,0,0,0,Sliceace
2013-12-19,0,1,0.3,19.1,0,0,0,0,0,0,0,0,0,0,0,0,0,0,0,0,0,0,0,,,0,0,0,0,0,0,0,0,0,0,0,0,0,0,0,Sliceace
2013-12-21,0,2,0.1,6.69,0,0,0,0,0,0,0,0,0,0,0,0,0,0,0,0,0,0,0,,,0,0,0,0,0,0,0,0,0,0,0,0,0,0,0,Sliceace
2014-01-01,0,1,0.4,29.26,0,0,0,0,0,0,0,0,0,0,0,0,0,0,0,0,0,0,0,,,0,0,0,0,0,0,0,0,0,0,0,0,0,0,0,Sliceace
2014-01-21,1,1,1.4,98.89,0,0,0,0,0,0,0,0,0,0,0,0,0,0,0,0,0,0,0,,,0,0,0,0,0,0,0,0,0,0,0,0,0,0,0,Sliceace
2014-03-16,4,1,4,280.25,0,0,0,0,0,0,0,0,0,0,0,0,0,0,0,0,0,0,0,,,0,0,0,0,0,0,0,0,0,0,0,0,0,0,0,Sliceace
2014-04-13,0,1,0.1,13.96,0,0,0,0,0,0,0,0,0,0,0,0,0,0,0,0,0,0,0,,,0,0,0,0,0,0,0,0,0,0,0,0,0,0,0,Sliceace
2014-06-08,2,2,0.9,67.69,0,0,0,0,0,0,0,0,0,0,0,0,0,0,0,0,0,0,0,,,0,0,0,0,0,0,0,0,0,0,0,0,0,0,0,Sliceace
2014-07-07,1,1,0.7,48.58,0,0,0,0,0,0,0,0,0,0,0,0,0,0,0,0,0,0,0,,,0,0,0,0,0,0,0,0,0,0,0,0,0,0,0,Sliceace
2014-07-15,0,1,0.1,6.64,0,0,0,0,0,0,0,0,0,0,0,0,0,0,0,0,0,0,0,,,0,0,0,0,0,0,0,0,0,0,0,0,0,0,0,Sliceace
2014-08-02,1,1,0.9,65.4,0,0,0,0,0,0,0,0,0,0,0,0,0,0,0,0,0,0,0,,,0,0,0,0,0,0,0,0,0,0,0,0,0,0,0,Sliceace
2014-08-09,1,1,1,67.07,0,0,0,0,0,0,0,0,0,0,0,0,0,0,0,0,0,0,0,,,0,0,0,0,0,0,0,0,0,0,0,0,0,0,0,Sliceace
2014-09-18,1,1,0.8,55.92,0,0,0,0,0,0,0,0,0,0,0,0,0,0,0,0,0,0,0,,,0,0,0,0,0,0,0,0,0,0,0,0,0,0,0,Sliceace
2014-09-24,0,2,0.1,10.71,0,0,0,0,0,0,0,0,0,0,0,0,0,0,0,0,0,0,0,,,0,0,0,0,0,0,0,0,0,0,0,0,0,0,0,Sliceace
2014-09-26,1,3,0.3,62.17,0,0,0,0,0,0,0,0,0,0,0,0,0,0,0,0,0,0,0,,,0,0,0,0,0,0,0,0,0,0,0,0,0,0,0,Sliceace
2014-09-30,0,0,0,0,0,0,0,0,0,0,0,0,0,0,0,0,0,0,0,0,0,0,0,,,0,0,0,0,0,0,0,0,0,0,0,1,1,0,0,Sliceace
2014-10-17,2,3,0.6,74.08,0,0,0,0,0,0,0,0,0,0,0,0,0,0,0,0,0,0,0,,,0,0,0,0,0,0,0,0,0,0,0,0,0,0,0,Sliceace
2014-10-20,0,1,0,0,0,0,0,0,0,0,0,0,0,0,0,0,0,0,0,0,0,0,0,,,0,0,0,0,0,0,0,0,0,0,0,0,0,0,0,Sliceace
2014-10-22,1,1,0.7,74.96,0,0,0,0,0,0,0,0,0,0,0,0,0,0,0,0,0,0,0,,,0,0,0,0,0,0,0,0,0,0,0,0,0,0,0,Sliceace
2014-11-13,4,2,1.8,59.53,0,0,0,0,0,0,0,0,0,0,0,0,0,0,0,0,0,0,0,,,0,0,0,0,0,0,0,0,0,0,0,0,0,0,0,Sliceace
2014-12-01,0,1,0.1,15.82,0,0,0,0,0,0,0,0,0,0,0,0,0,0,0,0,0,0,0,,,0,0,0,0,0,0,0,0,0,0,0,0,0,0,0,Sliceace
2014-12-08,1,1,1.2,80.79,0,0,0,0,0,0,0,0,0,0,0,0,0,0,0,0,0,0,0,,,0,0,0,0,0,0,0,0,0,0,0,0,0,0,0,Sliceace
2014-12-15,1,2,0.7,98.42,0,0,0,0,0,0,0,0,0,0,0,0,0,0,0,0,0,0,0,,,0,0,0,0,0,0,0,0,0,0,0,0,0,0,0,Sliceace
2015-02-21,0,,0,0,,,0,,,0,,,0,0,,0,,,0,,,0,,0,3,,,,,,,,,,,,,,,0,Sliceace
2015-02-22,7,9,0.8,76.59,0,0,0,0,0,0,0,0,0,0,0,0,0,0,0,0,0,0,0,3,0,1,1,0,0,0,0,0,3,3,3,0,0,0,0,0,Sliceace
2015-02-23,29,27,1.1,100.2,0,0,0,0,0,0,0,0,0,0,0,0,0,0,0,0,0,0,0,,,1,1,0,0,0,0,0,2,0,0,0,1,1,0,0,Sliceace
2015-02-24,102,110,0.9,84.69,0,0,0,0,0,0,0,0,0,0,0,0,0,0,0,0,0,0,0,,,4,4,0,0,0,0,0,2,0,0,0,0,0,0,2,Sliceace
2015-02-25,20,24,0.8,68.67,0,0,0,0,0,0,0,0,0,0,0,0,0,0,0,0,0,0,0,,,0,0,0,0,0,0,0,0,0,0,0,0,0,0,0,Sliceace
2015-02-26,9,8,1.1,102.69,0,0,0,0,0,0,0,0,0,0,0,0,0,0,0,0,0,0,0,,,0,0,0,0,0,0,0,0,0,0,0,0,0,0,0,Sliceace
2015-02-27,8,8,1,98.71,0,0,0,0,0,0,0,0,0,0,0,0,0,0,0,0,0,0,0,,,0,0,0,0,0,0,0,0,0,0,0,0,0,0,0,Sliceace
2015-02-28,2,2,0.9,81.27,0,0,0,0,0,0,0,0,0,0,0,0,0,0,0,0,0,0,0,,,0,0,0,0,0,0,0,0,0,0,0,0,0,0,0,Sliceace
2015-03-01,6,4,1.4,150.76,0,0,0,0,0,0,0,0,0,0,0,0,0,0,0,0,0,0,0,,,0,0,0,0,0,0,0,0,0,0,0,0,0,0,0,Sliceace
2015-03-02,2,2,1,95.14,0,0,0,0,0,0,0,0,0,0,0,0,0,0,0,0,0,0,0,,,0,0,0,0,0,0,0,0,0,0,0,0,0,0,0,Sliceace
2015-03-03,1,1,1.4,99.65,0,0,0,0,0,0,0,0,0,0,0,0,0,0,0,0,0,0,0,,,0,0,0,0,0,0,0,0,0,0,0,0,0,0,0,Sliceace
2015-03-04,2,2,0.9,85.83,0,0,0,0,0,0,0,0,0,0,0,0,0,0,0,0,0,0,0,,,0,0,0,0,0,0,0,0,0,0,0,0,0,0,0,Sliceace
2015-03-05,4,4,0.9,78.95,0,0,0,0,0,0,0,0,0,0,0,0,0,0,0,0,0,0,0,,,0,0,0,0,0,0,0,0,0,0,0,0,0,0,0,Sliceace
2015-03-06,1,1,1.4,99.63,0,0,0,0,0,0,0,0,0,0,0,0,0,0,0,0,0,0,0,,,0,0,0,0,0,0,0,0,0,0,0,0,0,0,0,Sliceace
2015-03-07,1,2,0.7,48.7,0,0,0,0,0,0,0,0,0,0,0,0,0,0,0,0,0,0,0,,,0,0,0,0,0,0,0,0,0,0,0,0,0,0,0,Sliceace
2015-03-08,1,1,1.2,82.71,0,0,0,0,0,0,0,0,0,0,0,0,0,0,0,0,0,0,0,,,0,0,0,0,0,0,0,0,0,0,0,0,0,0,0,Sliceace
2015-03-10,3,4,0.7,64.05,0,0,0,0,0,0,0,0,0,0,0,0,0,0,0,0,0,0,0,,,0,0,0,0,0,0,0,0,0,0,0,0,0,0,0,Sliceace
2015-03-12,1,2,0.5,47.42,0,0,0,0,0,0,0,0,0,0,0,0,0,0,0,0,0,0,0,,,0,0,0,0,0,0,0,0,0,0,0,0,0,0,0,Sliceace
2015-03-15,3,3,1,100.87,0,0,0,0,0,0,0,0,0,0,0,0,0,0,0,0,0,0,0,,,0,0,0,0,0,0,0,0,0,0,0,0,0,0,0,Sliceace
2015-03-18,1,1,0.7,99.33,0,0,0,0,0,0,0,0,0,0,0,0,0,0,0,0,0,0,0,,,0,0,0,0,0,0,0,0,0,0,0,0,0,0,0,Sliceace
2015-03-19,1,1,1.1,76.56,0,0,0,0,0,0,0,0,0,0,0,0,0,0,0,0,0,0,0,,,0,0,0,0,0,0,0,0,0,0,0,0,0,0,0,Sliceace
2015-03-20,1,1,0.7,99.34,0,0,0,0,0,0,0,0,0,0,0,0,0,0,0,0,0,0,0,,,0,0,0,0,0,0,0,0,0,0,0,0,0,0,0,Sliceace
2015-03-22,0,1,0.4,61.59,0,0,0,0,0,0,0,0,0,0,0,0,0,0,0,0,0,0,0,,,0,0,0,0,0,0,0,0,0,0,0,0,0,0,0,Sliceace
2015-03-23,2,2,1.1,99.7,0,0,0,0,0,0,0,0,0,0,0,0,0,0,0,0,0,0,0,,,1,1,0,0,0,0,0,0,0,0,0,0,0,0,0,Sliceace
2015-03-25,1,1,1.4,99.48,0,0,0,0,0,0,0,0,0,0,0,0,0,0,0,0,0,0,0,,,0,0,0,0,0,0,0,0,0,0,0,0,0,0,0,Sliceace
2015-03-28,0,1,0.4,54.11,0,0,0,0,0,0,0,0,0,0,0,0,0,0,0,0,0,0,0,,,0,0,0,0,0,0,0,0,0,0,0,0,0,0,0,Sliceace
2015-03-29,0,1,0.1,8.19,0,0,0,0,0,0,0,0,0,0,0,0,0,0,0,0,0,0,0,,,0,0,0,0,0,0,0,0,0,0,0,0,0,0,0,Sliceace
2015-04-07,2,2,1,98.97,0,0,0,0,0,0,0,0,0,0,0,0,0,0,0,0,0,0,0,,,0,0,0,0,0,0,0,0,0,0,0,0,0,0,0,Sliceace
2015-04-09,2,2,0.8,95.23,0,0,0,0,0,0,0,0,0,0,0,0,0,0,0,0,0,0,0,,,0,0,0,0,0,0,0,0,0,0,0,0,0,0,0,Sliceace
2015-04-10,2,2,0.8,100,0,0,0,0,0,0,0,0,0,0,0,0,0,0,0,0,0,0,0,,,0,0,0,0,0,0,0,0,0,0,0,0,0,0,0,Sliceace
2015-04-13,2,2,1,71.05,0,0,0,0,0,0,0,0,0,0,0,0,0,0,0,0,0,0,0,,,0,0,0,0,0,0,0,0,0,0,0,0,0,0,0,Sliceace
2015-04-16,2,3,0.7,84.33,0,0,0,0,0,0,0,0,0,0,0,0,0,0,0,0,0,0,0,,,0,0,0,0,0,0,0,0,0,0,0,0,0,0,0,Sliceace
2015-04-23,2,1,1.7,183.75,0,0,0,0,0,0,0,0,0,0,0,0,0,0,0,0,0,0,0,,,0,0,0,0,0,0,0,0,0,0,0,0,0,0,0,Sliceace
2015-04-26,8,5,1.7,127.15,0,0,0,0,0,0,0,0,0,0,0,0,0,0,0,0,0,0,0,1,1,0,0,0,0,0,0,0,1,1,1,0,0,0,0,0,Sliceace
2015-04-27,7,10,0.7,46.01,0,0,0,0,0,0,0,0,0,0,0,0,0,0,0,0,0,0,0,,,0,0,0,0,0,0,0,0,0,0,0,0,0,0,0,Sliceace
2015-04-28,7,7,1.1,78.14,0,2,0,1,12,8.33,0,0,0,0,0,0,0,0,0,0,0,0,0,,,0,0,0,0,0,0,0,0,0,0,0,0,0,0,0,Sliceace
2015-04-29,3,4,0.8,53.4,0,0,0,0,3,0,0,0,0,0,0,0,0,0,0,0,0,0,0,,,0,0,0,0,0,0,0,0,0,0,0,0,0,0,0,Sliceace
2015-04-30,22,22,1,70.48,0,0,0,0,22,0,0,0,0,0,0,0,0,0,0,0,0,0,0,,,4,4,0,0,0,0,1,1,0,0,0,1,1,0,0,Sliceace
2015-05-01,5,7,0.8,62.16,0,2,0,0,5,0,0,0,0,0,0,0,0,0,0,0,0,0,0,,,0,0,0,0,0,0,0,0,0,0,0,0,0,0,0,Sliceace
2015-05-02,4,3,1.4,111.74,0,0,0,0,3,0,0,0,0,0,0,0,0,0,0,0,0,0,0,,,1,1,0,0,0,0,0,0,0,0,0,0,0,0,0,Sliceace
2015-05-03,3,5,0.7,50.93,0,0,0,0,5,0,0,0,0,0,0,0,0,0,0,0,0,0,0,,,0,0,0,0,0,0,0,0,0,0,0,1,1,0,0,Sliceace
2015-05-04,3,3,0.9,70.28,0,0,0,0,2,0,0,0,0,0,0,0,0,0,0,0,0,0,0,,,0,0,0,0,0,0,0,0,0,0,0,0,0,0,0,Sliceace
2015-05-05,1,1,1.5,99.14,0,0,0,0,2,0,0,0,0,0,0,0,0,0,0,0,0,0,0,,,0,0,0,0,0,0,0,0,0,0,0,0,0,0,0,Sliceace
2015-05-06,4,7,0.6,41.72,1,2,50,2,4,50,0,0,0,0,0,0,0,0,0,0,0,0,0,,,0,0,0,0,0,0,0,0,0,0,0,0,0,0,0,Sliceace
2015-05-07,9,9,1,65.15,0,0,0,0,12,0,0,0,0,0,0,0,0,0,0,0,0,0,0,,,1,1,0,0,0,0,0,0,0,0,0,1,1,0,0,Sliceace
2015-05-08,1,1,0.8,57.27,0,0,0,0,0,0,0,0,0,0,0,0,0,0,0,0,0,0,0,,,0,0,0,0,0,0,0,0,0,0,0,0,0,0,0,Sliceace
2015-05-10,0,1,0.5,33.95,0,0,0,0,0,0,0,0,0,0,0,0,0,0,0,0,0,0,0,,,0,0,0,0,0,0,0,0,0,0,0,0,0,0,0,Sliceace
2015-05-11,1,1,1.1,74.32,0,0,0,0,2,0,0,0,0,0,0,0,0,0,0,0,0,0,0,,,0,0,0,0,0,0,0,0,0,0,0,0,0,0,0,Sliceace
2015-05-12,3,2,1.4,92.45,0,0,0,0,4,0,0,0,0,0,0,0,0,0,0,0,0,0,0,,,0,0,0,0,0,0,0,0,0,0,0,0,0,0,0,Sliceace
2015-05-15,1,1,1.1,76.71,0,0,0,0,2,0,0,0,0,0,0,0,0,0,0,0,0,0,0,,,0,0,0,0,0,0,0,0,0,0,0,0,0,0,0,Sliceace
2015-05-18,1,1,1,68.76,0,0,0,0,2,0,0,0,0,0,0,0,0,0,0,0,0,0,0,,,0,0,0,0,0,0,0,0,0,0,0,0,0,0,0,Sliceace
2015-05-19,4,4,1,118.53,0,0,0,0,0,0,0,0,0,0,0,0,0,0,0,0,0,0,0,,,0,0,0,0,0,0,0,0,0,0,0,0,0,0,0,Sliceace
2015-05-20,2,4,0.4,53.4,0,0,0,0,0,0,0,0,0,0,0,0,0,0,0,0,0,0,0,,,0,0,0,0,0,0,0,0,0,0,0,0,0,0,0,Sliceace
2015-05-21,1,2,0.5,45.07,0,0,0,0,2,0,0,0,0,0,0,0,0,0,0,0,0,0,0,,,0,0,0,0,0,0,0,0,0,0,0,0,0,0,0,Sliceace
2015-05-22,3,2,1.3,87.77,0,0,0,0,2,0,0,0,0,0,0,0,0,0,0,0,0,0,0,,,0,0,0,0,0,0,0,0,0,0,0,0,0,0,0,Sliceace
2015-05-23,1,1,0.6,88.3,0,0,0,0,0,0,0,0,0,0,0,0,0,0,0,0,0,0,0,,,0,0,0,0,0,0,0,0,0,0,0,0,0,0,0,Sliceace
2015-05-26,1,1,1.5,99.14,0,0,0,0,2,0,0,0,0,0,0,0,0,0,0,0,0,0,0,,,0,0,0,0,0,0,0,0,0,0,0,0,0,0,0,Sliceace
2015-05-28,1,1,0.7,99.27,0,0,0,0,0,0,0,0,0,0,0,0,0,0,0,0,0,0,0,,,0,0,0,0,0,0,0,0,0,0,0,0,0,0,0,Sliceace
2015-05-30,6,6,1,81.21,0,0,0,0,2,0,0,0,0,0,0,0,0,0,0,0,0,0,0,,,3,3,0,0,0,0,0,0,0,0,0,1,1,0,0,Sliceace
2015-05-31,1,2,0.5,34.14,0,0,0,0,2,0,0,0,0,0,0,0,0,0,0,0,0,0,0,,,0,0,0,0,0,0,0,0,0,0,0,0,0,0,0,Sliceace
2015-06-05,0,1,0.2,10.62,0,0,0,0,1,0,0,0,0,0,0,0,0,0,0,0,0,0,0,,,0,0,0,0,0,0,0,0,0,0,0,0,0,0,0,Sliceace
2015-06-08,1,1,0.7,44.55,0,0,0,0,0,0,0,0,0,0,0,0,0,0,0,0,0,0,0,,,0,0,0,0,0,0,0,0,0,0,0,0,0,0,0,Sliceace
2015-06-12,1,1,1.1,160.49,0,0,0,0,0,0,0,0,0,0,0,0,0,0,0,0,0,0,0,,,0,0,0,0,0,0,0,0,0,0,0,0,0,0,0,Sliceace
2015-06-16,2,2,1,67.7,0,0,0,0,4,0,0,0,0,0,0,0,0,0,0,0,0,0,0,,,0,0,0,0,0,0,0,0,0,0,0,0,0,0,0,Sliceace
2015-06-21,4,6,0.7,56.75,0,0,0,0,1,0,0,0,0,0,0,0,0,0,0,0,0,0,0,,,0,0,0,0,0,0,0,0,0,0,0,1,1,0,0,Sliceace
2015-06-24,1,1,0.7,99.34,0,0,0,0,0,0,0,0,0,0,0,0,0,0,0,0,0,0,0,,,0,0,0,0,0,0,0,0,0,0,0,0,0,0,0,Sliceace
2015-06-30,1,2,0.5,61.21,0,0,0,0,0,0,0,0,0,0,0,0,0,0,0,0,0,0,0,,,0,0,0,0,0,0,0,0,0,0,0,0,0,0,0,Sliceace
2015-07-04,1,1,1,69.11,0,0,0,0,0,0,0,0,0,0,0,0,0,0,0,0,0,0,0,,,0,0,0,0,0,0,0,0,0,0,0,0,0,0,0,Sliceace
2015-07-06,1,1,1,69.1,0,0,0,0,2,0,0,0,0,0,0,0,0,0,0,0,0,0,0,,,0,0,0,0,0,0,0,0,0,0,0,0,0,0,0,Sliceace
2015-07-11,0,1,0.1,8.26,0,0,0,0,0,0,0,0,0,0,0,0,0,0,0,0,0,0,0,,,0,0,0,0,0,0,0,0,0,0,0,0,0,0,0,Sliceace
2015-07-13,1,1,0.7,99.27,0,0,0,0,0,0,0,0,0,0,0,0,0,0,0,0,0,0,0,,,0,0,0,0,0,0,0,0,0,0,0,0,0,0,0,Sliceace
2015-07-14,0,1,0.4,42.18,0,0,0,0,0,0,0,0,0,0,0,0,0,0,0,0,0,0,0,,,0,0,0,0,0,0,0,0,0,0,0,0,0,0,0,Sliceace
2015-07-21,6,8,0.7,72.8,0,0,0,0,0,0,0,0,0,0,0,0,0,0,0,0,0,0,0,,,0,0,0,0,0,0,0,0,0,0,0,0,0,0,0,Sliceace
2015-07-22,4,5,0.8,80.65,0,0,0,0,0,0,0,0,0,0,0,0,0,0,0,0,0,0,0,,,0,0,0,0,0,0,0,0,0,0,0,0,0,0,0,Sliceace
2015-07-23,2,2,0.9,95.42,0,0,0,0,0,0,0,0,0,0,0,0,0,0,0,0,0,0,0,,,0,0,0,0,0,0,0,0,0,0,0,0,0,0,0,Sliceace
2015-07-25,0,1,0.2,18.57,0,0,0,0,0,0,0,0,0,0,0,0,0,0,0,0,0,0,0,,,0,0,0,0,0,0,0,0,0,0,0,0,0,0,0,Sliceace
2015-07-26,1,1,0.9,91.4,0,0,0,0,0,0,0,0,0,0,0,0,0,0,0,0,0,0,0,,,0,0,0,0,0,0,0,0,0,0,0,0,0,0,0,Sliceace
2015-07-27,4,3,1.4,135.14,0,0,0,0,0,0,0,0,0,0,0,0,0,0,0,0,0,0,0,,,0,0,0,0,0,0,0,0,0,0,0,1,1,0,0,Sliceace
2015-07-28,0,1,0.2,25.07,0,0,0,0,0,0,0,0,0,0,0,0,0,0,0,0,0,0,0,,,0,0,0,0,0,0,0,0,0,0,0,0,0,0,0,Sliceace
2015-07-29,2,2,0.8,52.94,0,0,0,0,1,0,0,0,0,0,0,0,0,0,0,0,0,0,0,,,0,0,0,0,0,0,0,0,0,0,0,0,0,0,0,Sliceace
2015-07-30,2,2,0.9,75.38,0,0,0,0,1,0,0,0,0,0,0,0,0,0,0,0,0,0,0,,,1,1,0,0,0,0,0,0,0,0,0,1,1,0,0,Sliceace
2015-08-02,1,1,0.7,43.82,0,0,0,0,1,0,0,0,0,0,0,0,0,0,0,0,0,0,0,,,0,0,0,0,0,0,0,0,0,0,0,0,0,0,0,Sliceace
2015-08-08,1,1,0.9,98.26,0,0,0,0,0,0,0,0,0,0,0,0,0,0,0,0,0,0,0,,,0,0,0,0,0,0,0,0,0,0,0,0,0,0,0,Sliceace
2015-08-09,1,1,1.4,100,0,0,0,0,0,0,0,0,0,0,0,0,0,0,0,0,0,0,0,,,0,0,0,0,0,0,0,0,0,0,0,0,0,0,0,Sliceace
2015-08-10,1,2,0.7,47.84,0,0,0,0,3,0,0,0,0,0,0,0,0,0,0,0,0,0,0,,,0,0,0,0,0,0,0,0,0,0,0,0,0,0,0,Sliceace
2015-08-13,1,1,1.3,88.92,0,0,0,0,2,0,0,0,0,0,0,0,0,0,0,0,0,0,0,,,0,0,0,0,0,0,0,0,0,0,0,0,0,0,0,Sliceace
2015-08-15,4,3,1.2,114.16,0,0,0,0,0,0,0,0,0,0,0,0,0,0,0,0,0,0,0,,,0,0,0,0,0,0,0,0,0,0,0,0,0,0,0,Sliceace
2015-08-16,1,2,0.4,25.88,0,0,0,0,1,0,0,0,0,0,0,0,0,0,0,0,0,0,0,,,0,0,0,0,0,0,0,0,0,0,0,0,0,0,0,Sliceace
2015-08-18,1,1,0.9,98.3,0,0,0,0,0,0,0,0,0,0,0,0,0,0,0,0,0,0,0,,,0,0,0,0,0,0,0,0,0,0,0,0,0,0,0,Sliceace
2015-08-23,0,1,0.1,8.21,0,0,0,0,0,0,0,0,0,0,0,0,0,0,0,0,0,0,0,,,0,0,0,0,0,0,0,0,0,0,0,0,0,0,0,Sliceace
2015-08-27,1,1,0.6,90.88,0,0,0,0,0,0,0,0,0,0,0,0,0,0,0,0,0,0,0,,,0,0,0,0,0,0,0,0,0,0,0,0,0,0,0,Sliceace
2015-08-28,2,2,1,71.2,0,0,0,0,2,0,0,0,0,0,0,0,0,0,0,0,0,0,0,,,0,0,0,0,0,0,0,0,0,0,0,0,0,0,0,Sliceace
2015-08-29,7,7,1,71.23,0,0,0,0,5,0,0,0,0,0,0,0,0,0,0,0,0,0,0,,,1,1,0,0,0,0,0,0,0,0,0,1,1,0,0,Sliceace
2015-08-30,0,0,0,0,0,0,0,0,0,0,0,0,0,0,0,0,0,0,0,0,0,0,0,,,0,0,0,0,0,0,0,0,0,0,0,1,1,0,0,Sliceace
2015-09-01,0,1,0,1.84,0,0,0,0,0,0,0,0,0,0,0,0,0,0,0,0,0,0,0,,,0,0,0,0,0,0,0,0,0,0,0,0,0,0,0,Sliceace
2015-09-03,1,1,1,64.92,0,0,0,0,2,0,0,0,0,0,0,0,0,0,0,0,0,0,0,,,0,0,0,0,0,0,0,0,0,0,0,0,0,0,0,Sliceace
2015-09-04,1,2,0.5,33.22,0,0,0,0,0,0,0,0,0,0,0,0,0,0,0,0,0,0,0,,,0,0,0,0,0,0,0,0,0,0,0,0,0,0,0,Sliceace
2015-09-07,1,1,1,64.19,0,0,0,0,2,0,0,0,0,0,0,0,0,0,0,0,0,0,0,,,0,0,0,0,0,0,0,0,0,0,0,0,0,0,0,Sliceace
2015-09-09,0,0,0,0,0,0,0,0,0,0,0,0,0,0,0,0,0,0,0,0,0,0,0,,,0,0,0,0,0,0,0,0,0,0,0,1,1,0,0,Sliceace
2015-09-10,3,4,0.7,59.11,0,0,0,0,2,0,0,0,0,0,0,0,0,0,0,0,0,0,0,,,0,0,0,0,0,0,0,0,0,0,0,0,0,0,0,Sliceace
2015-09-11,3,2,1.4,99,0,0,0,0,2,0,0,0,0,0,0,0,0,0,0,0,0,0,0,,,0,0,0,0,0,0,0,0,0,0,0,0,0,0,0,Sliceace
2015-09-16,1,1,0.7,100,0,0,0,0,0,0,0,0,0,0,0,0,0,0,0,0,0,0,0,,,0,0,0,0,0,0,0,0,0,0,0,0,0,0,0,Sliceace
2015-09-20,0,0,0,0,0,0,0,0,0,0,0,0,0,0,0,0,0,0,0,0,0,0,0,,,0,0,0,0,0,0,0,0,-1,0,1,0,0,0,0,Sliceace
2015-09-23,3,4,0.8,66.8,0,0,0,0,4,0,0,0,0,0,0,0,0,0,0,0,0,0,0,,,0,0,0,0,0,0,0,0,0,0,0,0,0,0,0,Sliceace
2015-09-26,1,1,0.6,91.85,0,0,0,0,0,0,0,0,0,0,0,0,0,0,0,0,0,0,0,,,0,0,0,0,0,0,0,0,0,0,0,0,0,0,0,Sliceace
2015-09-27,1,1,1.2,79.3,0,0,0,0,2,0,0,0,0,0,0,0,0,0,0,0,0,0,0,,,0,0,0,0,0,0,0,0,0,0,0,0,0,0,0,Sliceace
2015-09-29,0,0,0,0,0,0,0,0,0,0,0,0,0,0,0,0,0,0,0,0,0,0,0,,,0,0,0,0,0,0,0,0,0,0,0,-1,0,1,0,Sliceace
2015-10-02,7,6,1.1,103.14,0,0,0,0,2,0,0,0,0,0,0,0,0,0,0,0,0,0,0,,,0,0,0,0,0,0,0,0,0,0,0,0,0,0,0,Sliceace
2015-10-04,22,14,1.6,52.44,0,0,0,0,0,0,0,0,0,0,0,0,0,0,0,0,0,0,0,1,1,0,0,0,0,0,0,3,0,0,0,0,0,0,0,0,Sliceace
2015-10-05,5,3,1.5,50.64,0,0,0,0,0,0,0,0,0,0,0,0,0,0,0,0,0,0,0,,,0,0,0,0,0,0,1,0,0,0,0,0,0,0,0,Sliceace
2015-10-06,9,4,2.4,78.14,0,0,0,0,3,0,0,0,0,0,0,0,0,0,0,0,0,0,0,,,2,2,0,0,0,0,0,0,0,0,0,0,0,0,0,Sliceace
2015-10-07,2,1,1.5,49.83,0,0,0,0,0,0,0,0,0,0,0,0,0,0,0,0,0,0,0,,,0,0,0,0,0,0,0,0,0,0,0,0,0,0,0,Sliceace
2015-10-11,1,1,1.3,44.5,0,0,0,0,0,0,0,0,0,0,0,0,0,0,0,0,0,0,0,,,0,0,0,0,0,0,0,0,0,0,0,0,0,0,0,Sliceace
2015-10-19,4,3,1.3,56.58,0,0,0,0,0,0,0,0,0,0,0,0,0,0,0,0,0,0,0,,,0,0,0,0,0,0,0,0,0,0,0,0,0,0,0,Sliceace
2015-10-23,1,1,0.6,21.28,0,0,0,0,0,0,0,0,0,0,0,0,0,0,0,0,0,0,0,,,0,0,0,0,0,0,0,0,0,0,0,0,0,0,0,Sliceace
2015-10-24,2,2,0.8,72.08,0,0,0,0,2,0,0,0,0,0,0,0,0,0,0,0,0,0,0,,,0,0,0,0,0,0,0,0,0,0,0,0,0,0,0,Sliceace
2015-10-29,0,1,0.2,15.93,0,0,0,0,1,0,0,0,0,0,0,0,0,0,0,0,0,0,0,,,0,0,0,0,0,0,0,0,0,0,0,0,0,0,0,Sliceace
2015-11-05,0,1,0.2,5.27,0,0,0,0,0,0,0,0,0,0,0,0,0,0,0,0,0,0,0,,,0,0,0,0,0,0,0,0,0,0,0,0,0,0,0,Sliceace
2015-11-09,0,1,0.4,61.46,0,0,0,0,0,0,0,0,0,0,0,0,0,0,0,0,0,0,0,,,0,0,0,0,0,0,0,0,0,0,0,0,0,0,0,Sliceace
2015-11-10,1,1,1.1,70.85,0,0,0,0,0,0,0,0,0,0,0,0,0,0,0,0,0,0,0,,,0,0,0,0,0,0,0,0,0,0,0,0,0,0,0,Sliceace
2015-11-14,2,2,0.9,41.23,0,0,0,0,2,0,0,0,0,0,0,0,0,0,0,0,0,0,0,,,0,0,0,0,0,0,0,0,0,0,0,0,0,0,0,Sliceace
2015-11-19,3,5,0.6,36.59,0,0,0,0,2,0,0,0,0,0,0,0,0,0,0,0,0,0,0,,,0,0,0,0,0,0,0,0,0,0,0,0,0,0,0,Sliceace
2015-11-20,1,2,0.7,44.27,0,0,0,0,1,0,0,0,0,0,0,0,0,0,0,0,0,0,0,,,0,0,0,0,0,0,0,0,0,0,0,0,0,0,0,Sliceace
2015-11-25,3,2,1.3,44.21,0,0,0,0,0,0,0,0,0,0,0,0,0,0,0,0,0,0,0,,,0,0,0,0,0,0,0,0,0,0,0,0,0,0,0,Sliceace
2015-11-26,0,2,0,0.87,0,0,0,0,0,0,0,0,0,0,0,0,0,0,0,0,0,0,0,,,0,0,0,0,0,0,0,0,0,0,0,0,0,0,0,Sliceace
2015-11-27,0,1,0,1.23,0,0,0,0,0,0,0,0,0,0,0,0,0,0,0,0,0,0,0,,,0,0,0,0,0,0,0,0,0,0,0,0,0,0,0,Sliceace
2015-11-28,2,4,0.5,55.62,0,0,0,0,2,0,0,0,0,0,0,0,0,0,0,0,0,0,0,,,0,0,0,0,0,0,0,0,0,0,0,0,0,0,0,Sliceace
2015-11-30,0,1,0.2,14.89,0,0,0,0,1,0,0,0,0,0,0,0,0,0,0,0,0,0,0,,,0,0,0,0,0,0,0,0,0,0,0,0,0,0,0,Sliceace
2015-12-05,0,1,0.2,14.36,0,0,0,0,1,0,0,0,0,0,0,0,0,0,0,0,0,0,0,,,0,0,0,0,0,0,0,0,0,0,0,0,0,0,0,Sliceace
2015-12-06,0,0,0,0,0,0,0,0,0,0,0,0,0,0,0,0,0,0,0,0,0,0,0,,,0,0,0,0,0,0,0,0,0,0,0,1,1,0,0,Sliceace
2015-12-07,0,0,0,0,0,0,0,0,0,0,0,0,0,0,0,0,0,0,0,0,0,0,0,,,0,0,0,0,0,0,0,0,0,0,0,1,1,0,0,Sliceace
2015-12-09,6,5,1.1,53.32,0,0,0,0,2,0,0,0,0,0,0,0,0,0,0,0,0,0,0,,,0,0,0,0,0,0,0,0,0,0,0,0,0,0,0,Sliceace
2015-12-10,1,1,1.2,39.89,0,0,0,0,0,0,0,0,0,0,0,0,0,0,0,0,0,0,0,,,0,0,0,0,0,0,0,0,0,0,0,1,1,0,0,Sliceace
2015-12-12,1,1,0.7,99.29,0,0,0,0,0,0,0,0,0,0,0,0,0,0,0,0,0,0,0,,,0,0,0,0,0,0,0,0,0,0,0,0,0,0,0,Sliceace
2015-12-18,1,1,0.7,100,0,0,0,0,0,0,0,0,0,0,0,0,0,0,0,0,0,0,0,,,0,0,0,0,0,0,0,0,0,0,0,0,0,0,0,Sliceace
2015-12-23,1,1,0.8,56.76,0,0,0,0,0,0,0,0,0,0,0,0,0,0,0,0,0,0,0,,,0,0,0,0,0,0,0,0,0,0,0,0,0,0,0,Sliceace
2015-12-24,0,1,0.4,13.87,0,0,0,0,0,0,0,0,0,0,0,0,0,0,0,0,0,0,0,,,0,0,0,0,0,0,0,0,0,0,0,0,0,0,0,Sliceace
2015-12-28,3,1,2.9,94.97,0,0,0,0,0,0,0,0,0,0,0,0,0,0,0,0,0,0,0,,,0,0,0,0,0,0,0,0,0,0,0,0,0,0,0,Sliceace
2016-01-05,1,1,0.8,59.07,0,0,0,0,0,0,0,0,0,0,0,0,0,0,0,0,0,0,0,,,0,0,0,0,0,0,0,0,0,0,0,0,0,0,0,Sliceace
2016-01-08,2,3,0.5,27.47,0,0,0,0,0,0,0,0,0,0,0,0,0,0,0,0,0,0,0,,,0,0,0,0,0,0,0,0,0,0,0,0,0,0,0,Sliceace
2016-01-09,0,1,0.3,19.98,0,0,0,0,0,0,0,0,0,0,0,0,0,0,0,0,0,0,0,,,0,0,0,0,0,0,0,0,0,0,0,0,0,0,0,Sliceace
2016-01-11,0,1,0.2,26.1,0,0,0,0,0,0,0,0,0,0,0,0,0,0,0,0,0,0,0,,,0,0,0,0,0,0,0,0,0,0,0,0,0,0,0,Sliceace
2016-01-19,2,1,1.7,56.09,0,0,0,0,0,0,0,0,0,0,0,0,0,0,0,0,0,0,0,,,0,0,0,0,0,0,0,0,0,0,0,0,0,0,0,Sliceace
2016-01-21,1,1,0.6,41.34,0,0,0,0,1,0,0,0,0,0,0,0,0,0,0,0,0,0,0,,,0,0,0,0,0,0,0,0,0,0,0,0,0,0,0,Sliceace
2016-01-24,0,1,0.5,32.45,0,0,0,0,1,0,0,0,0,0,0,0,0,0,0,0,0,0,0,,,0,0,0,0,0,0,0,0,0,0,0,0,0,0,0,Sliceace
2016-01-26,1,1,1.3,88.2,0,0,0,0,2,0,0,0,0,0,0,0,0,0,0,0,0,0,0,,,0,0,0,0,0,0,0,0,0,0,0,0,0,0,0,Sliceace
2016-01-28,1,1,0.6,20.06,0,0,0,0,0,0,0,0,0,0,0,0,0,0,0,0,0,0,0,,,0,0,0,0,0,0,0,0,0,0,0,0,0,0,0,Sliceace
2016-02-02,5,6,0.8,71.47,0,0,0,0,0,0,0,0,0,0,0,0,0,0,0,0,0,0,0,,,0,0,0,0,0,0,0,1,0,0,0,0,0,0,0,Sliceace
2016-02-03,1,1,0.6,20.39,0,0,0,0,0,0,0,0,0,0,0,0,0,0,0,0,0,0,0,,,0,0,0,0,0,0,0,0,0,0,0,0,0,0,0,Sliceace
2016-02-11,1,1,1.4,100,0,0,0,0,0,0,0,0,0,0,0,0,0,0,0,0,0,0,0,,,0,0,0,0,0,0,0,0,0,0,0,0,0,0,0,Sliceace
2016-02-19,2,2,0.8,42.51,0,0,0,0,0,0,0,0,0,0,0,0,0,0,0,0,0,0,0,,,0,0,0,0,0,0,0,0,0,0,0,0,0,0,0,Sliceace
2016-02-24,0,1,0.1,8.09,0,0,0,0,0,0,0,0,0,0,0,0,0,0,0,0,0,0,0,,,0,0,0,0,0,0,0,0,0,0,0,0,0,0,0,Sliceace
2016-02-28,5,4,1.3,77.48,0,0,0,0,2,0,0,0,0,0,0,0,0,0,0,0,0,0,0,,,0,0,0,0,0,0,0,0,0,0,0,0,0,0,0,Sliceace
2016-03-09,1,1,1.3,44.52,0,0,0,0,0,0,0,0,0,0,0,0,0,0,0,0,0,0,0,,,0,0,0,0,0,0,0,0,0,0,0,0,0,0,0,Sliceace
2016-03-13,1,2,0.6,34.12,0,0,0,0,0,0,0,0,0,0,0,0,0,0,0,0,0,0,0,,,0,0,0,0,0,0,0,0,0,0,0,0,0,0,0,Sliceace
2016-04-03,2,1,1.6,52.65,0,0,0,0,0,0,0,0,0,0,0,0,0,0,0,0,0,0,0,,,0,0,0,0,0,0,0,0,0,0,0,0,0,0,0,Sliceace
2016-04-04,0,1,0.5,48.3,0,0,0,0,0,0,0,0,0,0,0,0,0,0,0,0,0,0,0,,,0,0,0,0,0,0,0,0,0,0,0,0,0,0,0,Sliceace
2016-04-10,1,1,1,66.48,0,0,0,0,0,0,0,0,0,0,0,0,0,0,0,0,0,0,0,,,0,0,0,0,0,0,0,0,0,0,0,0,0,0,0,Sliceace
2016-04-12,1,1,0.9,98.26,0,0,0,0,0,0,0,0,0,0,0,0,0,0,0,0,0,0,0,,,0,0,0,0,0,0,0,0,0,0,0,0,0,0,0,Sliceace
2016-04-14,7,6,1.1,60.05,0,0,0,0,0,0,0,0,0,0,0,0,0,0,0,0,0,0,0,,,0,0,0,0,0,0,0,1,0,0,0,1,1,0,0,Sliceace
2016-04-15,0,1,0,1.16,0,0,0,0,0,0,0,0,0,0,0,0,0,0,0,0,0,0,0,,,0,0,0,0,0,0,0,0,0,0,0,0,0,0,0,Sliceace
2016-04-18,1,1,0.9,28.4,0,0,0,0,0,0,0,0,0,0,0,0,0,0,0,0,0,0,0,,,0,0,0,0,0,0,0,0,0,0,0,0,0,0,0,Sliceace
2016-04-20,1,1,0.7,44.7,0,0,0,0,1,0,0,0,0,0,0,0,0,0,0,0,0,0,0,,,0,0,0,0,0,0,0,0,0,0,0,0,0,0,0,Sliceace
2016-04-24,1,1,1.4,44.86,0,0,0,0,0,0,0,0,0,0,0,0,0,0,0,0,0,0,0,,,0,0,0,0,0,0,0,0,0,0,0,1,1,0,0,Sliceace
2016-04-29,3,2,1.5,64.76,0,0,0,0,1,0,0,0,0,0,0,0,0,0,0,0,0,0,0,,,0,0,0,0,0,0,0,0,0,0,0,0,0,0,0,Sliceace
2016-04-30,1,1,1.5,99.13,0,0,0,0,2,0,0,0,0,0,0,0,0,0,0,0,0,0,0,,,0,0,0,0,0,0,0,0,0,0,0,0,0,0,0,Sliceace
2016-05-01,1,1,1.3,44.63,0,0,0,0,0,0,0,0,0,0,0,0,0,0,0,0,0,0,0,,,0,0,0,0,0,0,0,0,0,0,0,0,0,0,0,Sliceace
2016-05-07,1,1,0.7,100,0,0,0,0,0,0,0,0,0,0,0,0,0,0,0,0,0,0,0,,,0,0,0,0,0,0,0,0,0,0,0,0,0,0,0,Sliceace
2016-05-11,2,2,1.1,96.01,0,0,0,0,0,0,0,0,0,0,0,0,0,0,0,0,0,0,0,,,0,0,0,0,0,0,0,0,0,0,0,0,0,0,0,Sliceace
2016-05-13,0,1,0,96.3,0,0,0,0,0,0,0,0,0,0,0,0,0,0,0,0,0,0,0,,,0,0,0,0,0,0,0,0,0,0,0,0,0,0,0,Sliceace
2016-05-14,3,2,1.4,99.43,0,0,0,0,2,0,0,0,0,0,0,0,0,0,0,0,0,0,0,,,0,0,0,0,0,0,0,1,0,0,0,-1,0,1,0,Sliceace
2016-05-15,9,8,1.2,77.2,1,2,50,1,7,14.29,0,0,0,0,0,0,0,0,0,0,0,0,0,,,2,2,0,0,0,0,0,0,0,0,0,0,0,0,0,Sliceace
2016-05-17,2,1,1.9,273.28,0,0,0,0,0,0,0,0,0,0,0,0,0,0,0,0,0,0,0,,,0,0,0,0,0,0,0,0,0,0,0,0,0,0,0,Sliceace
2016-05-22,1,2,0.5,77.42,0,0,0,0,0,0,0,0,0,0,0,0,0,0,0,0,0,0,0,,,0,0,0,0,0,0,0,0,0,0,0,0,0,0,0,Sliceace
2016-05-25,4,7,0.6,29.74,0,0,0,0,3,0,0,0,0,0,0,0,0,0,0,0,0,0,0,,,0,0,0,0,0,0,0,0,0,0,0,0,0,0,0,Sliceace
2016-05-26,3,3,0.9,43.81,0,0,0,0,1,0,0,0,0,0,0,0,0,0,0,0,0,0,0,,,0,0,0,0,0,0,0,0,0,0,0,0,0,0,0,Sliceace
2016-05-27,4,6,0.6,52.61,0,0,0,0,2,0,0,0,0,0,0,0,0,0,0,0,0,0,0,,,0,0,0,0,0,0,0,0,0,0,0,0,0,0,0,Sliceace
2016-05-28,1,1,0.8,58.99,0,0,0,0,0,0,0,0,0,0,0,0,0,0,0,0,0,0,0,,,0,0,0,0,0,0,0,0,0,0,0,0,0,0,0,Sliceace
2016-05-30,0,1,0.2,11.25,0,0,0,0,1,0,0,0,0,0,0,0,0,0,0,0,0,0,0,,,0,0,0,0,0,0,0,0,0,0,0,0,0,0,0,Sliceace
2016-06-02,3,3,0.9,59.99,0,0,0,0,0,0,0,0,0,0,0,0,0,0,0,0,0,0,0,,,0,0,0,0,0,0,0,0,0,0,0,0,0,0,0,Sliceace
2016-06-08,1,1,0.9,91.32,0,0,0,0,0,0,0,0,0,0,0,0,0,0,0,0,0,0,0,,,0,0,0,0,0,0,0,0,0,0,0,0,0,0,0,Sliceace
2016-06-10,2,2,1,70.61,0,0,0,0,0,0,0,0,0,0,0,0,0,0,0,0,0,0,0,,,0,0,0,0,0,0,0,0,0,0,0,0,0,0,0,Sliceace
2016-06-12,2,2,0.9,62.47,0,0,0,0,0,0,0,0,0,0,0,0,0,0,0,0,0,0,0,,,0,0,0,0,0,0,0,0,0,0,0,0,0,0,0,Sliceace
2016-06-13,0,1,0.5,49.44,0,0,0,0,0,0,0,0,0,0,0,0,0,0,0,0,0,0,0,,,0,0,0,0,0,0,0,0,0,0,0,0,0,0,0,Sliceace
2016-06-16,0,1,0.1,7.87,0,0,0,0,1,0,0,0,0,0,0,0,0,0,0,0,0,0,0,,,0,0,0,0,0,0,0,0,0,0,0,0,0,0,0,Sliceace
2016-06-17,1,1,1.4,99.63,0,0,0,0,0,0,0,0,0,0,0,0,0,0,0,0,0,0,0,,,0,0,0,0,0,0,0,0,0,0,0,0,0,0,0,Sliceace
2016-06-21,0,,0,0,,,0,,,0,,,0,0,,0,,,0,,,0,,0,1,,,,,,,,,,,,,,,0,Sliceace
2016-06-22,18,28,0.6,38.04,0,0,0,0,0,0,0,0,0,0,0,0,0,0,0,0,0,0,0,1,0,3,3,0,0,0,0,1,0,1,1,0,1,1,0,0,Sliceace
2016-06-23,4,10,0.4,23,0,0,0,0,0,0,0,0,0,0,0,0,0,0,0,0,0,0,0,,,0,0,0,0,0,0,0,0,0,0,0,0,0,0,0,Sliceace
2016-06-24,2,4,0.6,47.79,0,0,0,0,0,0,0,0,0,0,0,0,0,0,0,0,0,0,0,,,0,0,0,0,0,0,0,0,0,0,0,0,0,0,0,Sliceace
2016-06-25,5,3,1.6,96.65,0,0,0,0,0,0,0,0,0,0,0,0,0,0,0,0,0,0,0,,,0,0,0,0,0,0,0,0,0,0,0,1,1,0,0,Sliceace
2016-06-26,0,2,0.1,6.49,0,0,0,0,0,0,0,0,0,0,0,0,0,0,0,0,0,0,0,,,0,0,0,0,0,0,0,0,0,0,0,0,0,0,0,Sliceace
2016-06-27,3,5,0.6,46.17,0,0,0,0,0,0,0,0,0,0,0,0,0,0,0,0,0,0,0,,,0,0,0,0,0,0,0,0,0,0,0,0,0,0,0,Sliceace
2016-06-28,0,0,0,0,0,0,0,0,0,0,0,0,0,0,0,0,0,0,0,0,0,0,0,,,0,0,0,0,0,0,0,0,0,0,0,1,1,0,0,Sliceace
2016-06-29,2,1,1.7,98.22,0,0,0,0,0,0,0,0,0,0,0,0,0,0,0,0,0,0,0,,,0,0,0,0,0,0,0,0,0,0,0,0,0,0,0,Sliceace
2016-06-30,2,2,0.8,48.36,0,0,0,0,0,0,0,0,0,0,0,0,0,0,0,0,0,0,0,,,0,0,0,0,0,0,0,0,0,0,0,0,0,0,0,Sliceace
2016-07-01,11,10,1.1,64.05,0,0,0,0,0,0,0,0,0,0,0,0,1,2,50,0,0,0,2,1,1,1,1,0,0,0,0,2,0,1,1,0,0,0,0,0,Sliceace
2016-07-02,5,12,0.4,25.86,0,0,0,0,0,0,0,0,0,0,0,0,0,0,0,0,0,0,0,0,1,0,0,0,0,0,0,0,0,1,1,0,0,0,0,0,Sliceace
2016-07-03,2,4,0.4,21.98,0,0,0,0,0,0,0,0,0,0,0,0,0,0,0,0,0,0,0,,,0,0,0,0,0,0,0,0,0,0,0,0,0,0,0,Sliceace
2016-07-04,4,6,0.7,45,0,0,0,0,1,0,0,0,0,0,0,0,0,0,0,0,0,0,0,,,2,5,3,0,1,1,0,2,0,0,0,0,0,0,0,Sliceace
2016-07-06,6,6,1,59.71,0,0,0,0,3,0,0,0,0,0,0,0,0,0,0,0,0,0,0,,,0,0,0,0,0,0,0,0,0,0,0,0,0,0,0,Sliceace
2016-07-07,7,7,1,61.11,0,0,0,0,2,0,0,0,0,0,0,0,0,0,0,0,0,0,0,,,1,1,0,0,0,0,0,0,0,0,0,0,0,0,0,Sliceace
2016-07-08,1,2,0.5,20.59,0,0,0,0,0,0,0,0,0,0,0,0,0,0,0,0,0,0,0,,,0,0,0,0,0,0,0,0,0,0,0,0,0,0,0,Sliceace
2016-07-09,5,8,0.6,30.62,0,0,0,0,0,0,0,0,0,0,0,0,0,0,0,0,0,0,0,1,0,0,0,0,0,0,0,1,0,0,0,0,0,0,0,0,Sliceace
2016-07-10,1,2,0.4,21.9,0,0,0,0,0,0,0,0,0,0,0,0,0,0,0,0,0,0,0,,,0,0,0,0,0,0,0,0,0,0,0,0,0,0,0,Sliceace
2016-07-11,0,1,0.1,7.53,0,0,0,0,0,0,0,0,0,0,0,0,0,0,0,0,0,0,0,,,0,0,0,0,0,0,0,0,0,0,0,0,0,0,0,Sliceace
2016-07-12,9,11,0.8,45.36,0,1,0,0,3,0,0,0,0,0,0,0,0,0,0,0,0,0,0,,,0,0,0,0,0,0,1,0,0,0,0,0,0,0,0,Sliceace
2016-07-13,0,2,0,0.89,0,0,0,0,0,0,0,0,0,0,0,0,0,0,0,0,0,0,0,,,0,0,0,0,0,0,0,0,0,0,0,0,0,0,0,Sliceace
2016-07-14,7,14,0.5,27.58,0,1,0,0,1,0,0,0,0,0,0,0,0,0,0,0,0,0,0,,,0,0,0,0,0,0,0,0,0,0,0,0,0,0,0,Sliceace
2016-07-15,6,8,0.7,47.29,0,2,0,1,5,20,0,0,0,0,0,0,0,0,0,0,0,0,0,,,2,2,0,0,0,0,2,2,0,0,0,0,0,0,0,Sliceace
2016-07-16,15,18,0.8,48.25,0,0,0,0,1,0,0,0,0,0,0,0,0,0,0,0,0,0,0,,,0,0,0,0,0,0,0,0,0,0,0,1,1,0,0,Sliceace
2016-07-17,9,16,0.6,34.62,0,0,0,0,2,0,0,0,0,0,0,0,0,0,0,0,0,0,0,0,1,0,0,0,0,0,0,0,0,1,1,0,0,0,0,0,Sliceace
2016-07-18,7,5,1.3,67.76,0,0,0,0,4,0,0,0,0,0,0,0,0,0,0,0,0,0,0,,,0,0,0,0,0,0,0,0,0,0,0,1,1,0,0,Sliceace
2016-07-19,2,1,1.5,90.89,0,0,0,0,0,0,0,0,0,0,0,0,0,0,0,0,0,0,0,,,0,0,0,0,0,0,0,0,0,0,0,0,0,0,0,Sliceace
2016-07-20,2,1,1.7,99.01,0,0,0,0,1,0,0,0,0,0,0,0,0,0,0,0,0,0,0,,,0,0,0,0,0,0,0,0,0,0,0,0,0,0,0,Sliceace
2016-07-21,3,6,0.4,27.22,0,0,0,0,0,0,0,0,0,0,0,0,0,0,0,0,0,0,0,,,0,0,0,0,0,0,0,0,0,0,0,-1,0,1,0,Sliceace
2016-07-23,4,5,0.7,47.52,0,0,0,0,1,0,0,0,0,0,0,0,0,0,0,0,0,0,0,1,0,0,0,0,0,0,0,0,0,0,0,0,3,4,1,0,Sliceace
2016-07-24,4,7,0.5,30.01,0,0,0,0,0,0,0,0,0,0,0,0,0,0,0,0,0,0,0,,,0,0,0,0,0,0,1,1,0,0,0,0,0,0,0,Sliceace
2016-07-25,5,4,1.1,61.47,0,0,0,0,1,0,0,0,0,0,0,0,0,0,0,0,0,0,0,,,0,0,0,0,0,0,1,0,0,0,0,0,0,0,0,Sliceace
2016-07-26,9,8,1.1,75.41,0,0,0,0,2,0,0,0,0,0,0,0,0,0,0,0,0,0,0,,,0,0,0,0,0,0,0,1,0,0,0,1,1,0,0,Sliceace
2016-07-27,9,11,0.8,60.45,0,0,0,0,2,0,0,0,0,0,0,0,0,0,0,0,0,0,0,,,0,0,0,0,0,0,0,0,0,0,0,0,0,0,0,Sliceace
2016-07-28,3,3,1.2,85.25,0,0,0,0,1,0,0,0,0,0,0,0,0,0,0,0,0,0,0,,,0,0,0,0,0,0,0,0,0,0,0,0,0,0,0,Sliceace
2016-07-29,5,4,1.2,75.39,0,0,0,0,2,0,0,0,0,0,0,0,0,0,0,0,0,0,0,,,0,0,0,0,0,0,0,0,0,0,0,0,0,0,0,Sliceace
2016-07-30,4,3,1.3,93.13,0,0,0,0,0,0,0,0,0,0,0,0,0,0,0,0,0,0,0,,,0,0,0,0,0,0,0,0,0,0,0,0,0,0,0,Sliceace
2016-07-31,2,3,0.7,64.12,0,0,0,0,1,0,0,0,0,0,0,0,0,0,0,0,0,0,0,,,0,0,0,0,0,0,0,0,0,0,0,0,0,0,0,Sliceace
2016-08-01,2,3,0.6,39.3,0,0,0,0,0,0,0,0,0,0,0,0,0,0,0,0,0,0,0,,,0,0,0,0,0,0,0,0,0,0,0,0,0,0,0,Sliceace
2016-08-02,0,1,0.1,6.39,0,0,0,0,0,0,0,0,0,0,0,0,0,0,0,0,0,0,0,,,0,0,0,0,0,0,0,0,0,0,0,0,0,0,0,Sliceace
2016-08-05,3,4,0.8,53.79,0,0,0,0,1,0,0,0,0,0,0,0,0,0,0,0,0,0,0,,,0,0,0,0,0,0,0,0,0,0,0,0,0,0,0,Sliceace
2016-08-06,3,5,0.7,45.41,0,0,0,0,1,0,0,0,0,0,0,0,0,0,0,0,0,0,0,,,0,0,0,0,0,0,0,0,0,0,0,0,0,0,0,Sliceace
2016-08-07,4,10,0.4,26.48,0,0,0,0,0,0,0,0,0,0,0,0,0,0,0,0,0,0,0,1,1,0,0,0,0,0,0,1,1,1,1,0,0,0,0,0,Sliceace
2016-08-08,3,3,1,64.76,0,0,0,0,0,0,0,0,0,0,0,0,0,0,0,0,0,0,0,,,0,0,0,0,0,0,0,0,0,0,0,0,0,0,0,Sliceace
2016-08-09,0,1,0.1,7.32,0,0,0,0,0,0,0,0,0,0,0,0,0,0,0,0,0,0,0,,,0,0,0,0,0,0,0,0,0,0,0,0,0,0,0,Sliceace
2016-08-10,4,3,1.4,87.37,0,0,0,0,0,0,0,0,0,0,0,0,0,0,0,0,0,0,0,,,0,0,0,0,0,0,0,0,0,0,0,1,1,0,0,Sliceace
2016-08-11,1,3,0.4,28.12,0,0,0,0,0,0,0,0,0,0,0,0,0,0,0,0,0,0,0,,,0,0,0,0,0,0,0,0,0,0,0,0,0,0,0,Sliceace
2016-08-12,0,1,0.3,19.77,0,0,0,0,0,0,0,0,0,0,0,0,0,0,0,0,0,0,0,,,0,0,0,0,0,0,2,0,0,0,0,0,0,0,0,Sliceace
2016-08-13,2,2,1,62.54,0,0,0,0,0,0,0,0,0,0,0,0,0,0,0,0,0,0,0,,,0,0,0,0,0,0,0,0,0,0,0,0,0,0,0,Sliceace
2016-08-15,6,9,0.7,46.59,0,0,0,0,1,0,0,0,0,0,0,0,0,0,0,0,0,0,0,,,0,0,0,0,0,0,0,0,0,0,0,0,0,0,0,Sliceace
2016-08-16,2,1,1.7,102.52,0,0,0,0,0,0,0,0,0,0,0,0,0,0,0,0,0,0,0,,,0,0,0,0,0,0,0,0,0,0,0,0,0,0,0,Sliceace
2016-08-18,0,1,0,0,0,0,0,0,0,0,0,0,0,0,1,0,0,0,0,0,0,0,0,,,0,0,0,0,0,0,0,0,0,0,0,0,0,0,0,Sliceace
2016-08-19,1,1,1.5,48.35,0,0,0,0,0,0,0,0,0,0,0,0,0,0,0,0,0,0,0,,,0,0,0,0,0,0,0,0,0,0,0,0,0,0,0,Sliceace
2016-08-20,1,2,0.6,53.59,0,0,0,0,0,0,0,0,0,0,0,0,0,0,0,0,0,0,0,,,0,0,0,0,0,0,0,0,0,0,0,0,0,0,0,Sliceace
2016-08-21,1,3,0.3,31.71,0,0,0,0,0,0,0,0,0,0,0,0,0,0,0,0,0,0,0,,,0,0,0,0,0,0,0,1,0,0,0,0,0,0,0,Sliceace
2016-08-22,2,3,0.7,40.69,0,0,0,0,0,0,0,0,0,0,0,0,0,0,0,0,0,0,0,,,0,0,0,0,0,0,0,0,0,0,0,0,0,0,0,Sliceace
2016-08-23,0,1,0.2,26.33,0,0,0,0,0,0,0,0,0,0,0,0,0,0,0,0,0,0,0,,,0,0,0,0,0,0,0,0,0,0,0,0,0,0,0,Sliceace
2016-08-24,6,6,1,63.11,0,0,0,0,3,0,0,0,0,0,0,0,0,0,0,0,0,0,0,0,1,0,0,0,0,0,0,0,0,1,1,0,0,0,0,0,Sliceace
2016-08-25,3,3,0.9,63.77,0,0,0,0,0,0,0,0,0,0,0,0,0,0,0,0,0,0,0,,,0,0,0,0,0,0,0,0,0,0,0,0,0,0,0,Sliceace
2016-08-26,4,5,0.8,39.98,0,0,0,0,0,0,0,0,0,0,0,0,0,0,0,0,0,0,0,,,0,0,0,0,0,0,0,0,0,0,0,0,0,0,0,Sliceace
2016-08-27,7,10,0.7,31.29,0,0,0,0,2,0,0,0,0,0,0,0,0,0,0,0,0,0,0,1,0,1,1,0,0,0,0,0,1,0,0,0,0,0,0,0,Sliceace
2016-08-28,0,0,0,0,0,0,0,0,0,0,0,0,0,0,0,0,0,0,0,0,0,0,0,,,0,0,0,0,0,0,1,0,0,0,0,0,0,0,0,Sliceace
2016-08-29,5,4,1.2,99.51,0,0,0,0,2,0,0,0,0,0,0,0,0,0,0,0,0,0,0,,,0,0,0,0,0,0,0,0,0,0,0,0,0,0,0,Sliceace
2016-08-30,3,4,0.6,37.38,0,0,0,0,0,0,0,0,0,0,0,0,0,0,0,0,0,0,0,,,0,0,0,0,0,0,0,0,0,0,0,0,0,0,0,Sliceace
2016-08-31,3,2,1.6,96.7,0,0,0,0,1,0,0,0,0,0,0,0,0,0,0,0,0,0,0,,,0,0,0,0,0,0,0,0,0,0,0,0,0,0,0,Sliceace
2016-09-01,3,4,0.9,80.96,0,0,0,0,1,0,0,0,0,0,0,0,0,0,0,0,0,0,0,,,0,0,0,0,0,0,0,0,0,0,0,0,0,0,0,Sliceace
2016-09-02,1,2,0.7,57.76,0,0,0,0,0,0,0,0,0,0,0,0,0,0,0,0,0,0,0,,,0,0,0,0,0,0,0,0,0,0,0,0,0,0,0,Sliceace
2016-09-03,0,0,0,0,0,0,0,0,0,0,0,0,0,0,0,0,0,0,0,0,0,0,0,,,0,0,0,0,0,0,0,0,0,0,0,-1,0,1,0,Sliceace
2016-09-04,3,4,0.7,44.17,0,0,0,0,2,0,0,0,0,0,0,0,0,0,0,0,0,0,0,,,0,0,0,0,0,0,0,0,0,0,0,0,0,0,0,Sliceace
2016-09-05,4,3,1.4,81.08,0,0,0,0,3,0,0,0,0,0,0,0,0,0,0,0,0,0,0,0,1,0,0,0,0,0,0,0,0,0,0,0,0,0,0,0,Sliceace
2016-09-06,2,2,0.9,76.43,0,0,0,0,0,0,0,0,0,0,0,0,0,0,0,0,0,0,0,,,0,0,0,0,0,0,0,0,0,0,0,0,0,0,0,Sliceace
2016-09-07,11,6,1.9,63.58,0,0,0,0,1,0,0,0,0,0,0,0,0,0,0,0,0,0,0,1,1,1,1,0,0,0,0,4,1,1,1,0,0,0,0,0,Sliceace
2016-09-08,23,17,1.3,42.47,0,0,0,0,0,0,0,0,0,0,0,0,0,0,0,0,0,0,0,,,1,1,0,0,0,0,0,0,0,0,0,0,0,0,0,Sliceace
2016-09-09,5,5,1,35.65,0,0,0,0,1,0,0,0,0,0,0,0,0,0,0,0,0,0,0,,,0,0,0,0,0,0,0,0,0,0,0,0,0,0,0,Sliceace
2016-09-10,2,5,0.4,14.41,0,0,0,0,0,0,0,0,0,0,0,0,0,0,0,0,0,0,0,,,0,0,0,0,0,0,0,0,0,0,0,0,0,0,0,Sliceace
2016-09-11,2,2,0.9,31.05,0,0,0,0,0,0,0,0,0,0,0,0,0,0,0,0,0,0,0,,,0,0,0,0,0,0,0,0,0,0,0,0,0,0,0,Sliceace
2016-09-12,6,6,1,33.28,0,0,0,0,0,0,0,0,0,0,0,0,0,0,0,0,0,0,0,,,0,0,0,0,0,0,0,2,0,0,0,1,1,0,0,Sliceace
2016-09-15,1,1,0.7,99.27,0,0,0,0,0,0,0,0,0,0,0,0,0,0,0,0,0,0,0,,,0,0,0,0,0,0,0,0,0,0,0,0,0,0,0,Sliceace
2016-09-16,2,3,0.5,26.19,0,0,0,0,0,0,0,0,0,0,0,0,0,0,0,0,0,0,0,,,0,0,0,0,0,0,0,0,0,0,0,0,0,0,0,Sliceace
2016-09-17,19,18,1.1,54.7,0,0,0,0,5,0,0,0,0,0,0,0,0,0,0,0,0,0,0,,,0,0,0,0,0,0,0,1,1,1,0,0,0,0,0,Sliceace
2016-09-18,10,9,1.1,44.52,0,0,0,0,1,0,0,0,0,0,0,0,0,0,0,0,0,0,0,,,0,0,0,0,0,0,0,0,0,0,0,0,0,0,0,Sliceace
2016-09-20,9,11,0.8,43.91,0,0,0,0,1,0,0,0,0,0,0,0,0,0,0,0,0,0,0,1,1,0,0,0,0,0,0,0,0,1,1,0,0,0,0,0,Sliceace
2016-09-21,8,8,1,34.12,0,0,0,0,0,0,0,0,0,0,0,0,0,0,0,0,0,0,0,,,0,0,0,0,0,0,0,0,0,0,0,0,0,0,0,Sliceace
2016-09-22,1,3,0.3,8.66,0,0,0,0,0,0,0,0,0,0,0,0,0,0,0,0,0,0,0,0,2,0,0,0,0,0,0,0,1,0,0,0,0,0,0,0,Sliceace
2016-09-23,0,1,0.3,8.21,0,0,0,0,0,0,0,0,0,0,0,0,0,0,0,0,0,0,0,0,0,0,0,0,0,0,0,0,0,0,0,0,0,0,0,0,Sliceace
2016-09-24,7,8,0.8,26.7,0,0,0,0,1,0,0,0,0,0,0,0,0,0,0,0,0,0,0,,,0,0,0,0,0,0,0,0,1,1,0,1,1,0,0,Sliceace
2016-09-25,21,14,1.5,45.46,0,0,0,0,0,0,0,0,0,0,0,0,0,0,0,0,0,0,0,1,1,0,0,0,0,0,0,0,0,1,1,0,0,0,0,0,Sliceace
2016-09-26,9,5,1.8,80.98,0,0,0,0,0,0,0,0,0,0,0,0,0,0,0,0,0,0,0,,,0,0,0,0,0,0,0,0,0,0,0,0,0,0,0,Sliceace
2016-09-27,5,3,1.6,46.49,0,0,0,0,0,0,0,0,0,0,0,0,0,0,0,0,0,0,0,,,0,0,0,0,0,0,1,0,0,0,0,0,0,0,0,Sliceace
2016-09-28,3,4,0.8,47.61,0,0,0,0,1,0,0,0,0,0,0,0,0,0,0,0,0,0,0,,,0,0,0,0,0,0,1,0,0,0,0,0,0,0,0,Sliceace
2016-09-29,1,1,0.9,59.42,0,0,0,0,0,0,0,0,0,0,0,0,0,0,0,0,0,0,0,,,0,0,0,0,0,0,0,0,0,0,0,0,0,0,0,Sliceace
2016-09-30,3,2,1.3,35.97,0,0,0,0,0,0,0,0,0,0,0,0,0,0,0,0,0,0,0,,,0,0,0,0,0,0,0,0,0,0,0,0,0,0,0,Sliceace
2016-10-01,5,6,0.9,47.44,0,0,0,0,2,0,0,0,0,0,0,0,0,0,0,0,0,0,0,,,0,0,0,0,0,0,2,0,0,0,0,0,0,0,0,Sliceace
2016-10-02,2,3,0.8,32.08,0,0,0,0,0,0,0,0,0,0,0,0,0,0,0,0,0,0,0,,,0,0,0,0,0,0,0,0,0,0,0,0,0,0,0,Sliceace
2016-10-03,6,5,1.1,77.1,0,0,0,0,1,0,0,0,0,0,0,0,0,0,0,0,0,0,0,,,0,0,0,0,0,0,0,0,0,0,0,0,0,0,0,Sliceace
2016-10-04,5,5,1.1,52.47,0,0,0,0,1,0,0,0,0,0,0,0,0,0,0,0,0,0,0,,,0,0,0,0,0,0,0,0,1,1,0,0,0,0,0,Sliceace
2016-10-05,4,2,1.8,104.3,0,0,0,0,2,0,0,0,0,0,0,0,0,0,0,0,0,0,0,,,0,0,0,0,0,0,0,0,0,0,0,0,0,0,0,Sliceace
2016-10-06,3,4,0.7,19.62,0,0,0,0,0,0,0,0,0,0,0,0,0,0,0,0,0,0,0,,,0,0,0,0,0,0,0,0,0,0,0,0,0,0,0,Sliceace
2016-10-07,2,2,0.9,94.47,0,0,0,0,0,0,0,0,0,0,0,0,0,0,0,0,0,0,0,,,0,0,0,0,0,0,0,0,0,0,0,0,0,0,0,Sliceace
2016-10-08,8,9,0.9,55.61,0,0,0,0,2,0,0,0,0,0,0,0,0,0,0,0,0,0,0,0,2,0,0,0,0,0,0,0,0,0,0,0,0,0,0,0,Sliceace
2016-10-09,0,2,0.1,2.62,0,0,0,0,0,0,0,0,0,0,0,0,0,0,0,0,0,0,0,0,2,0,0,0,0,0,0,0,0,1,1,0,0,0,0,0,Sliceace
2016-10-10,0,1,0.1,7.14,0,0,0,0,0,0,0,0,0,0,0,0,0,0,0,0,0,0,0,0,0,0,0,0,0,0,0,0,0,0,0,0,0,0,0,0,Sliceace
2016-10-11,6,6,1,22.89,0,0,0,0,0,0,0,0,0,0,0,0,0,0,0,0,0,0,0,0,1,0,0,0,0,0,0,1,0,1,1,0,0,0,0,0,Sliceace
2016-10-12,43,10,4.3,61.56,0,0,0,0,0,0,0,0,0,0,0,0,0,0,0,0,0,0,0,,,1,1,0,0,0,0,1,0,0,0,0,0,0,0,1,Sliceace
2016-10-13,1,2,0.3,5.83,0,0,0,0,0,0,0,0,0,0,0,0,0,0,0,0,0,0,0,,,0,0,0,0,0,0,0,0,0,0,0,0,0,0,0,Sliceace
2016-10-14,3,7,0.4,14.2,0,0,0,0,2,0,0,0,0,0,0,0,0,0,0,0,0,0,0,1,2,0,0,0,0,0,0,0,0,2,2,0,0,0,0,0,Sliceace
2016-10-15,3,5,0.6,23.81,0,0,0,0,0,0,0,0,0,0,0,0,0,0,0,0,0,0,0,1,0,0,0,0,0,0,0,3,0,-1,0,1,0,0,0,0,Sliceace
2016-10-16,2,3,0.8,20.49,0,0,0,0,0,0,0,0,0,0,0,0,0,0,0,0,0,0,0,,,0,0,0,0,0,0,1,0,0,0,0,0,0,0,0,Sliceace
2016-10-17,4,4,0.9,41.58,0,0,0,0,1,0,0,0,0,0,0,0,0,0,0,0,0,0,0,,,0,0,0,0,0,0,1,0,0,0,0,0,0,0,0,Sliceace
2016-10-19,8,6,1.4,57.28,0,0,0,0,1,0,0,0,0,0,0,0,0,0,0,0,0,0,0,,,0,0,0,0,0,0,0,0,0,0,0,0,0,0,0,Sliceace
2016-10-20,3,2,1.7,99.9,0,0,0,0,1,0,0,0,0,0,0,0,0,0,0,0,0,0,0,,,0,0,0,0,0,0,0,0,0,0,0,0,0,0,0,Sliceace
2016-10-21,6,6,1,43.92,0,0,0,0,0,0,0,0,0,0,0,0,0,0,0,0,0,0,0,,,0,0,0,0,0,0,0,0,0,0,0,0,0,0,0,Sliceace
2016-10-22,4,2,2,65.58,0,0,0,0,0,0,0,0,0,0,0,0,0,0,0,0,0,0,0,,,0,0,0,0,0,0,0,0,0,0,0,1,1,0,0,Sliceace
2016-10-26,10,9,1.1,54.64,0,0,0,0,1,0,0,0,0,0,0,0,0,0,0,0,0,0,0,,,0,0,0,0,0,0,0,0,0,0,0,0,0,0,0,Sliceace
2016-10-27,5,6,0.8,46.04,0,0,0,0,0,0,0,0,0,0,0,0,0,0,0,0,0,0,0,,,0,0,0,0,0,0,0,0,0,0,0,0,0,0,0,Sliceace
2016-10-28,7,6,1.1,69.71,0,0,0,0,2,0,0,0,0,0,0,0,0,0,0,0,0,0,0,,,0,0,0,0,0,0,0,0,0,0,0,0,0,0,0,Sliceace
2016-10-29,2,6,0.4,20.01,0,0,0,0,0,0,0,0,0,0,0,0,0,0,0,0,0,0,0,,,0,0,0,0,0,0,0,0,0,0,0,0,0,0,0,Sliceace
2016-10-30,9,4,2.2,102.41,0,0,0,0,1,0,0,0,0,0,0,0,0,0,0,0,0,0,0,,,0,0,0,0,0,0,0,0,0,0,0,0,0,0,0,Sliceace
2016-10-31,2,4,0.6,40.2,0,0,0,0,0,0,0,0,0,0,0,0,0,0,0,0,0,0,0,,,0,0,0,0,0,0,0,0,0,0,0,0,0,0,0,Sliceace
2016-11-01,5,5,1,72.07,0,0,0,0,1,0,0,0,0,0,0,0,0,0,0,0,0,0,0,,,0,0,0,0,0,0,0,0,0,0,0,0,0,0,0,Sliceace
2016-11-02,19,6,3.2,92.89,0,0,0,0,3,0,0,0,0,0,0,0,0,0,0,0,0,0,0,,,0,0,0,0,0,0,0,0,0,0,0,0,0,0,0,Sliceace
2016-11-03,4,8,0.5,16.56,0,0,0,0,0,0,0,0,0,0,0,0,0,0,0,0,0,0,0,,,0,0,0,0,0,0,0,0,0,0,0,0,0,0,0,Sliceace
2016-11-04,4,4,1.1,71.04,0,0,0,0,2,0,0,0,0,0,0,0,0,0,0,0,0,0,0,,,0,0,0,0,0,0,0,0,0,0,0,0,0,0,0,Sliceace
2016-11-05,1,1,1,23.08,0,0,0,0,0,0,0,0,0,0,0,0,0,0,0,0,0,0,0,,,0,0,0,0,0,0,0,0,0,0,0,0,0,0,0,Sliceace
2016-11-06,4,4,0.9,24.2,0,0,0,0,0,0,0,0,0,0,0,0,0,0,0,0,0,0,0,,,0,0,0,0,0,0,0,0,0,0,0,0,0,0,0,Sliceace
2016-11-07,1,2,0.5,49.82,0,0,0,0,0,0,0,0,0,0,0,0,0,0,0,0,0,0,0,,,0,0,0,0,0,0,0,0,0,0,0,0,0,0,0,Sliceace
2016-11-08,0,1,0.2,17.37,0,0,0,0,0,0,0,0,0,0,0,0,0,0,0,0,0,0,0,,,0,0,0,0,0,0,0,0,0,0,0,0,0,0,0,Sliceace
2016-11-09,3,1,3.5,99.77,0,0,0,0,0,0,0,0,0,0,0,0,0,0,0,0,0,0,0,,,1,1,0,0,0,0,1,0,0,0,0,0,0,0,0,Sliceace
2016-11-10,1,2,0.7,29.27,0,0,0,0,1,0,0,0,0,0,0,0,0,0,0,0,0,0,0,,,0,0,0,0,0,0,0,0,0,0,0,0,0,0,0,Sliceace
2016-11-11,2,2,0.9,35.95,0,0,0,0,1,0,0,0,0,0,0,0,0,0,0,0,0,0,0,,,0,0,0,0,0,0,0,0,0,0,0,0,0,0,0,Sliceace
2016-11-12,0,1,0.2,1.32,0,0,0,0,0,0,0,0,0,0,0,0,0,0,0,0,0,0,0,0,1,0,0,0,0,0,0,2,0,1,1,0,0,0,0,0,Sliceace
2016-11-13,4,8,0.6,26.19,0,0,0,0,0,0,0,0,0,0,0,0,0,0,0,0,0,0,0,2,2,0,0,0,0,0,0,0,0,2,2,0,0,0,0,0,Sliceace
2016-11-14,6,6,0.9,25.43,0,0,0,0,1,0,0,0,0,0,0,0,0,0,0,0,0,0,0,,,2,2,0,0,0,0,2,1,0,0,0,0,0,0,0,Sliceace
2016-11-15,7,6,1.2,43.15,0,0,0,0,0,0,0,0,0,0,0,0,0,0,0,0,0,0,0,,,0,0,0,0,0,0,0,0,0,0,0,0,0,0,0,Sliceace
2016-11-16,3,5,0.5,30.06,0,0,0,0,0,0,0,0,0,0,0,0,0,0,0,0,0,0,0,,,0,0,0,0,0,0,0,0,0,0,0,0,0,0,0,Sliceace
2016-11-17,7,4,1.8,81.74,0,0,0,0,0,0,0,0,0,0,0,0,0,0,0,0,0,0,0,,,0,0,0,0,0,0,0,0,0,0,0,0,0,0,0,Sliceace
2016-11-18,7,14,0.5,21.55,0,0,0,0,1,0,0,0,0,0,0,0,0,0,0,0,0,0,0,,,0,0,0,0,0,0,2,0,0,0,0,0,0,0,0,Sliceace
2016-11-19,3,6,0.5,24.9,0,0,0,0,0,0,0,0,0,0,0,0,0,0,0,0,0,0,0,,,0,0,0,0,0,0,0,0,0,0,0,0,0,0,0,Sliceace
2016-11-20,16,15,1.1,47.84,0,0,0,0,0,0,6,0,0,0,0,0,0,0,0,0,0,0,0,,,0,0,0,0,0,0,0,0,0,0,0,1,1,0,0,Sliceace
2016-11-21,13,13,1,43.92,0,0,0,0,0,0,4,0,0,0,0,0,0,0,0,0,0,0,0,,,0,0,0,0,0,0,1,0,0,0,0,0,0,0,0,Sliceace
2016-11-22,9,9,1,48.29,0,0,0,0,0,0,2,0,0,0,0,0,0,0,0,0,0,0,0,,,0,0,0,0,0,0,0,0,0,0,0,0,0,0,0,Sliceace
2016-11-23,4,7,0.6,33.64,0,0,0,0,0,0,0,0,0,0,0,0,0,0,0,0,0,0,0,,,0,0,0,0,0,0,0,0,0,0,0,0,0,0,0,Sliceace
2016-11-24,2,2,0.9,34.39,0,0,0,0,0,0,0,0,0,0,0,0,0,0,0,0,0,0,0,,,0,0,0,0,0,0,0,0,0,0,0,0,0,0,0,Sliceace
2016-11-25,1,2,0.5,30.3,0,0,0,0,0,0,6,0,0,0,0,0,0,0,0,0,0,0,0,,,0,0,0,0,0,0,0,0,0,0,0,0,0,0,0,Sliceace
2016-11-26,1,1,1.3,77.56,0,0,0,0,0,0,2,0,0,0,0,0,0,0,0,0,0,0,0,,,0,0,0,0,0,0,0,0,0,0,0,0,0,0,0,Sliceace
2016-11-27,4,2,1.8,58.77,0,0,0,0,0,0,2,0,0,0,0,0,0,0,0,0,0,0,0,,,0,0,0,1,1,0,0,0,0,0,0,0,0,0,0,Sliceace
2016-11-28,7,8,0.9,43.15,0,0,0,0,0,0,4,0,0,0,0,0,0,0,0,0,0,0,0,,,0,0,0,0,0,0,0,0,0,0,0,0,0,0,0,Sliceace
2016-11-29,4,3,1.3,90.41,0,0,0,0,0,0,4,0,0,0,0,0,0,0,0,0,0,0,0,,,0,0,0,0,0,0,0,0,0,0,0,0,0,0,0,Sliceace
2016-11-30,4,6,0.7,15.37,0,0,0,0,0,0,2,0,0,0,0,0,0,0,0,0,0,0,0,,,0,0,0,0,0,0,0,0,0,0,0,0,0,0,0,Sliceace
2016-12-01,4,3,1.2,43.33,0,0,0,0,0,0,0,0,0,0,0,0,0,0,0,0,0,0,0,,,0,0,0,0,0,0,0,0,0,0,0,0,0,0,0,Sliceace
2016-12-02,4,6,0.7,41.59,0,0,0,0,0,0,0,0,0,0,0,0,0,0,0,0,0,0,0,,,0,0,0,0,0,0,0,0,0,0,0,0,0,0,0,Sliceace
2016-12-03,3,5,0.5,23.58,0,0,0,0,0,0,2,0,0,0,0,0,0,0,0,0,0,0,0,,,0,0,0,0,0,0,0,0,0,0,0,0,0,0,0,Sliceace
2016-12-04,4,4,1,35.36,0,0,0,0,0,0,2,0,0,0,0,0,0,0,0,0,0,0,0,,,0,0,0,0,0,0,0,0,0,0,0,0,0,0,0,Sliceace
2016-12-05,2,3,0.8,75.3,0,0,0,0,0,0,0,0,0,0,0,0,0,0,0,0,0,0,0,,,0,0,0,0,0,0,0,0,0,0,0,0,0,0,0,Sliceace
2016-12-06,31,22,1.4,53.69,0,0,0,0,2,0,4,0,0,0,0,0,0,0,0,0,0,0,0,,,0,0,0,0,0,0,0,0,0,0,0,0,0,0,1,Sliceace
2016-12-07,13,7,1.9,60.56,0,0,0,0,0,0,2,0,0,0,0,0,0,0,0,0,0,0,0,,,0,0,0,0,0,0,0,0,0,0,0,0,0,0,0,Sliceace
2016-12-08,2,3,0.6,53.61,0,0,0,0,0,0,0,0,0,0,0,0,0,0,0,0,0,0,0,,,0,0,0,0,0,0,0,0,0,0,0,0,0,0,0,Sliceace
2016-12-09,7,9,0.7,24.42,0,0,0,0,0,0,4,0,0,0,0,0,0,0,0,0,0,0,0,,,0,0,0,0,0,0,0,0,0,0,0,0,0,0,0,Sliceace
2016-12-10,2,4,0.5,20.9,0,0,0,0,0,0,0,0,0,0,0,0,0,0,0,0,0,0,0,,,0,0,0,0,0,0,0,0,0,0,0,0,0,0,0,Sliceace
2016-12-11,10,5,2,70.31,0,0,0,0,0,0,2,0,0,0,0,0,0,0,0,0,0,0,0,,,0,0,0,0,0,0,0,0,0,0,0,0,0,0,0,Sliceace
2016-12-12,7,5,1.3,48.67,0,0,0,0,2,0,2,0,0,0,0,0,0,0,0,0,0,0,0,,,0,0,0,0,0,0,0,0,0,0,0,0,0,0,0,Sliceace
2016-12-13,3,2,1.7,99.91,0,0,0,0,0,0,2,0,0,0,0,0,0,0,0,0,0,0,0,,,0,0,0,0,0,0,0,0,0,0,0,0,0,0,0,Sliceace
2016-12-14,1,2,0.4,13.93,0,0,0,0,0,0,0,0,0,0,0,0,0,0,0,0,0,0,0,,,0,0,0,0,0,0,0,0,0,0,0,0,0,0,0,Sliceace
2016-12-15,5,3,1.7,53.37,0,0,0,0,0,0,2,0,0,0,0,0,0,0,0,0,0,0,0,,,0,0,0,0,0,0,0,0,0,0,0,0,0,0,0,Sliceace
2016-12-16,4,4,1,58.63,0,0,0,0,0,0,0,0,0,0,0,0,0,0,0,0,0,0,0,,,0,0,0,0,0,0,0,0,0,0,0,0,0,0,0,Sliceace
2016-12-17,3,3,1,62.02,0,0,0,0,0,0,4,0,0,0,0,0,0,0,0,0,0,0,0,,,0,0,0,0,0,0,0,0,0,0,0,0,0,0,0,Sliceace
2016-12-18,4,5,0.7,44.53,0,0,0,0,0,0,2,0,0,0,0,0,0,0,0,0,0,0,0,,,0,0,0,0,0,0,0,0,0,0,0,0,0,0,0,Sliceace
2016-12-19,8,11,0.7,12.48,0,0,0,0,0,0,0,0,0,0,0,0,0,0,0,0,0,0,0,0,1,0,0,0,0,0,0,0,0,1,1,0,0,0,0,0,Sliceace
2016-12-20,26,12,2.2,27.69,0,0,0,0,0,0,2,0,0,0,0,0,0,0,0,0,0,0,0,,,0,0,0,0,0,0,0,0,0,0,0,0,0,0,0,Sliceace
2016-12-21,3,5,0.6,28.17,0,0,0,0,0,0,4,0,0,0,0,0,0,0,0,0,0,0,0,,,0,0,0,0,0,0,4,0,0,0,0,0,0,0,0,Sliceace
2016-12-22,8,6,1.3,21.81,0,0,0,0,0,0,0,0,0,0,0,0,0,0,0,0,0,0,0,,,1,1,0,0,0,0,0,0,0,0,0,0,0,0,0,Sliceace
2016-12-23,11,5,2.1,77.17,0,0,0,0,0,0,6,0,0,0,0,0,0,0,0,0,0,0,0,,,0,0,0,0,0,0,0,0,0,0,0,0,0,0,0,Sliceace
2016-12-24,6,6,1.1,41.52,0,0,0,0,0,0,4,0,0,0,0,0,0,0,0,0,0,0,0,,,0,0,0,0,0,0,0,0,0,0,0,0,0,0,0,Sliceace
2016-12-25,8,5,1.7,72.81,0,0,0,0,0,0,4,0,0,0,0,0,0,0,0,0,0,0,0,,,0,0,0,0,0,0,0,0,0,0,0,0,0,0,0,Sliceace
2016-12-26,10,7,1.4,51.5,0,0,0,0,0,0,2,0,0,0,0,0,0,0,0,0,0,0,0,,,0,0,0,0,0,0,0,0,0,0,0,0,0,0,0,Sliceace
2016-12-27,3,2,1.3,75.53,0,0,0,0,0,0,2,0,0,0,0,0,0,0,0,0,0,0,0,,,0,0,0,0,0,0,0,0,0,0,0,1,1,0,0,Sliceace
2016-12-28,8,10,0.8,48.42,0,0,0,0,0,0,2,0,0,0,0,0,0,0,0,0,0,0,0,,,0,0,0,0,0,0,0,0,0,0,0,0,0,0,0,Sliceace
2016-12-29,7,6,1.1,39.63,0,0,0,0,0,0,4,0,0,0,0,0,0,0,0,0,0,0,0,,,0,0,0,0,0,0,0,0,0,0,0,0,0,0,0,Sliceace
2016-12-30,5,4,1.4,49.1,0,0,0,0,0,0,0,0,0,0,0,0,0,0,0,0,0,0,0,,,0,0,0,0,0,0,0,0,0,0,0,0,0,0,0,Sliceace
2017-01-01,4,6,0.7,37.05,0,0,0,0,0,0,2,0,0,0,0,0,0,0,0,0,0,0,0,,,0,0,0,0,0,0,0,0,0,0,0,0,0,0,0,Sliceace
2017-01-02,4,1,4.5,102.45,0,0,0,0,0,0,0,0,0,0,0,0,0,0,0,0,0,0,0,,,0,0,0,0,0,0,0,0,0,0,0,0,0,0,0,Sliceace
2017-01-03,1,2,0.4,25.29,0,0,0,0,0,0,0,0,0,0,0,0,0,0,0,0,0,0,0,,,0,0,0,0,0,0,0,0,0,0,0,0,0,0,0,Sliceace
2017-01-04,8,4,2.1,63.76,0,0,0,0,0,0,0,0,0,0,0,0,0,0,0,0,0,0,0,,,0,0,0,0,0,0,0,0,0,0,0,0,0,0,0,Sliceace
2017-01-05,8,9,0.9,44.7,0,0,0,0,0,0,2,0,0,0,0,0,0,0,0,0,0,0,0,,,0,0,0,0,0,0,0,0,0,0,0,0,0,0,0,Sliceace
2017-01-06,10,10,1,55.37,0,0,0,0,0,0,2,0,0,0,0,0,0,0,0,0,0,0,0,,,1,1,0,0,0,0,0,1,0,0,0,0,0,0,0,Sliceace
2017-01-07,10,6,1.6,64.32,0,0,0,0,0,0,0,0,0,0,0,0,0,0,0,0,0,0,0,,,0,0,0,0,0,0,0,1,0,0,0,0,0,0,0,Sliceace
2017-01-08,7,8,0.9,68.4,0,0,0,0,0,0,0,0,0,0,0,0,0,0,0,0,0,0,0,,,0,0,0,0,0,0,0,0,0,0,0,0,0,0,0,Sliceace
2017-01-09,5,4,1.3,44.24,0,0,0,0,0,0,0,0,0,0,0,0,0,0,0,0,0,0,0,,,0,0,0,0,0,0,0,0,0,0,0,0,0,0,0,Sliceace
2017-01-10,0,2,0.1,8.32,0,0,0,0,0,0,0,0,0,0,0,0,0,0,0,0,0,0,0,,,0,0,0,0,0,0,0,0,0,0,0,0,0,0,0,Sliceace
2017-01-11,8,8,1,74.19,0,0,0,0,0,0,0,0,0,0,0,0,0,0,0,0,0,0,0,,,0,0,0,0,0,0,1,0,0,0,0,0,0,0,0,Sliceace
2017-01-12,2,2,0.9,66.14,0,0,0,0,0,0,2,0,0,0,0,0,0,0,0,0,0,0,0,,,0,0,0,0,0,0,0,0,0,0,0,0,0,0,0,Sliceace
2017-01-13,1,2,0.5,13.19,0,0,0,0,0,0,0,0,0,0,0,0,0,0,0,0,0,0,0,,,0,0,0,0,0,0,0,0,0,0,0,0,0,0,0,Sliceace
2017-01-14,4,4,1.1,90.2,0,0,0,0,0,0,0,0,0,0,0,0,0,0,0,0,0,0,0,,,1,1,0,0,0,0,0,0,0,0,0,0,0,0,0,Sliceace
2017-01-15,2,3,0.8,27.45,0,0,0,0,0,0,2,0,0,0,0,0,0,0,0,0,0,0,0,,,0,0,0,0,0,0,0,0,0,0,0,0,0,0,0,Sliceace
2017-01-16,4,4,1.1,81.46,0,0,0,0,0,0,0,0,0,0,0,0,0,0,0,0,0,0,0,,,0,0,0,0,0,0,0,0,0,0,0,0,0,0,0,Sliceace
2017-01-17,2,6,0.3,11.54,0,0,0,0,0,0,0,0,0,0,0,0,0,0,0,0,0,0,0,,,0,0,0,0,0,0,0,0,0,0,0,0,0,0,0,Sliceace
2017-01-18,1,1,1.1,76.4,0,0,0,0,0,0,0,0,0,0,0,0,0,0,0,0,0,0,0,,,0,0,0,0,0,0,0,0,0,0,0,0,0,0,0,Sliceace
2017-01-19,1,4,0.2,9.42,0,0,0,0,0,0,0,0,0,0,0,0,0,0,0,0,0,0,0,,,0,0,0,0,0,0,0,0,0,0,0,0,0,0,0,Sliceace
2017-01-20,2,3,0.6,24.15,0,0,0,0,1,0,0,0,0,0,0,0,0,0,0,0,0,0,0,,,0,0,0,0,0,0,0,0,0,0,0,0,0,0,0,Sliceace
2017-01-21,4,3,1.2,72.01,0,0,0,0,0,0,2,0,0,0,0,0,0,0,0,0,0,0,0,,,0,0,0,0,0,0,0,0,0,0,0,0,0,0,0,Sliceace
2017-01-22,2,2,0.9,50.19,0,0,0,0,0,0,0,0,0,0,0,0,0,0,0,0,0,0,0,,,0,0,0,0,0,0,2,0,0,0,0,0,0,0,0,Sliceace
2017-01-23,2,1,1.7,99.01,0,0,0,0,0,0,2,0,0,0,0,0,0,0,0,0,0,0,0,,,0,0,0,0,0,0,0,0,0,0,0,0,0,0,0,Sliceace
2017-01-24,3,4,0.7,30.4,0,0,0,0,0,0,0,0,0,0,0,0,0,0,0,0,0,0,0,,,0,0,0,0,0,0,0,0,0,0,0,1,1,0,0,Sliceace
2017-01-25,6,5,1.3,50.08,0,0,0,0,0,0,0,0,0,0,0,0,0,0,0,0,0,0,0,,,0,0,0,0,0,0,0,0,0,0,0,2,2,0,0,Sliceace
2017-01-26,2,1,1.9,76.33,0,0,0,0,0,0,0,0,0,0,0,0,0,0,0,0,0,0,0,,,0,0,0,0,0,0,0,0,0,0,0,0,0,0,0,Sliceace
2017-01-27,7,7,1,53.22,0,0,0,0,0,0,2,0,0,0,0,0,0,0,0,0,0,0,0,,,0,0,0,0,0,0,0,0,0,0,0,0,0,0,0,Sliceace
2017-01-28,7,7,1,51.56,0,0,0,0,0,0,0,0,0,0,0,0,0,0,0,0,0,0,0,,,0,0,0,0,0,0,0,0,0,0,0,0,0,0,0,Sliceace
2017-01-29,2,2,0.8,19.39,0,0,0,0,0,0,0,0,0,0,0,0,0,0,0,0,0,0,0,,,0,0,0,0,0,0,0,0,0,0,0,0,0,0,0,Sliceace
2017-01-30,2,2,1.2,94.06,0,0,0,0,0,0,2,0,0,0,0,0,0,0,0,0,0,0,0,,,0,0,0,0,0,0,0,0,0,0,0,0,0,0,0,Sliceace
2017-01-31,1,1,0.9,98.21,0,0,0,0,0,0,0,0,0,0,0,0,0,0,0,0,0,0,0,,,0,0,0,0,0,0,0,0,0,0,0,0,0,0,0,Sliceace
2017-02-01,3,3,1,67.13,0,0,0,0,0,0,0,0,0,0,0,0,0,0,0,0,0,0,0,,,0,0,0,0,0,0,0,0,0,0,0,0,0,0,0,Sliceace
2017-02-02,0,1,0.2,13.95,0,0,0,0,0,0,0,0,0,0,0,0,0,0,0,0,0,0,0,,,0,0,0,0,0,0,0,0,0,0,0,0,0,0,0,Sliceace
2017-02-03,9,7,1.3,47.69,0,0,0,0,1,0,0,0,0,0,0,0,0,0,0,0,0,0,0,,,0,0,0,0,0,0,0,0,0,0,0,0,0,0,0,Sliceace
2017-02-04,6,3,2.2,75.92,0,0,0,0,0,0,2,0,0,0,0,0,0,0,0,0,0,0,0,,,0,0,0,0,0,0,0,0,0,0,0,0,0,0,0,Sliceace
2017-02-05,10,6,1.7,75.89,0,0,0,0,0,0,2,0,0,0,0,0,0,0,0,0,0,0,0,,,0,0,0,0,0,0,0,0,0,0,0,1,1,0,0,Sliceace
2017-02-06,5,2,2.6,99.69,0,0,0,0,0,0,0,0,0,0,0,0,0,0,0,0,0,0,0,,,0,0,0,0,0,0,0,0,0,0,0,0,0,0,0,Sliceace
2017-02-07,8,4,1.9,73.99,0,0,0,0,0,0,2,0,0,0,0,0,0,0,0,0,0,0,0,,,0,0,0,0,0,0,0,0,0,0,0,0,0,0,0,Sliceace
2017-02-08,10,13,0.8,36.19,0,0,0,0,0,0,4,1,25,0,0,0,0,0,0,0,0,0,0,,,0,0,0,0,0,0,0,0,0,0,0,0,0,0,0,Sliceace
2017-02-09,0,1,0.5,19.4,0,0,0,0,0,0,0,0,0,0,0,0,0,0,0,0,0,0,0,,,0,0,0,0,0,0,0,0,0,0,0,0,0,0,0,Sliceace
2017-02-10,4,4,1.1,35.72,0,0,0,0,0,0,0,0,0,0,0,0,0,0,0,0,0,0,0,,,0,0,0,0,0,0,0,0,0,0,0,0,0,0,0,Sliceace
2017-02-11,4,6,0.6,21.96,0,0,0,0,0,0,0,0,0,0,0,0,0,0,0,0,0,0,0,,,0,0,0,0,0,0,0,0,0,0,0,0,0,0,0,Sliceace
2017-02-12,3,2,1.4,53.94,0,0,0,0,0,0,0,0,0,0,0,0,0,0,0,0,0,0,0,,,0,0,0,0,0,0,0,0,0,0,0,0,0,0,0,Sliceace
2017-02-13,4,7,0.6,27.55,0,0,0,0,0,0,0,0,0,0,0,0,0,0,0,0,0,0,0,,,0,0,0,0,0,0,0,0,0,0,0,0,0,0,0,Sliceace
2017-02-14,3,2,1.7,99.11,0,0,0,0,0,0,0,0,0,0,0,0,0,0,0,0,0,0,0,,,0,0,0,0,0,0,0,0,0,0,0,0,0,0,0,Sliceace
2017-02-15,6,3,1.9,66.49,0,0,0,0,0,0,0,0,0,0,0,0,0,0,0,0,0,0,0,,,0,0,0,0,0,0,0,0,0,0,0,0,0,0,0,Sliceace
2017-02-16,6,6,1,50.4,0,0,0,0,0,0,2,0,0,0,0,0,0,0,0,0,0,0,0,,,0,0,0,0,0,0,0,0,0,0,0,0,0,0,0,Sliceace
2017-02-17,3,4,0.7,26.59,0,0,0,0,0,0,0,0,0,0,0,0,0,0,0,0,0,0,0,,,0,0,0,0,0,0,0,0,0,0,0,0,0,0,0,Sliceace
2017-02-18,3,3,1.1,44.69,0,0,0,0,0,0,0,0,0,0,0,0,0,0,0,0,0,0,0,,,0,0,0,0,0,0,0,0,0,0,0,0,0,0,0,Sliceace
2017-02-19,3,4,0.8,37.13,0,0,0,0,0,0,2,0,0,0,0,0,0,0,0,0,0,0,0,,,0,0,0,0,0,0,0,0,0,0,0,0,0,0,0,Sliceace
2017-02-20,3,3,0.9,31.33,0,0,0,0,0,0,0,0,0,0,0,0,0,0,0,0,0,0,0,,,0,0,0,0,0,0,0,0,0,0,0,0,0,0,0,Sliceace
2017-02-21,2,2,1.1,86.64,0,0,0,0,0,0,2,0,0,0,0,0,0,0,0,0,0,0,0,,,0,0,0,0,0,0,0,0,0,0,0,0,0,0,0,Sliceace
2017-02-22,2,3,0.7,36.48,0,0,0,0,0,0,0,0,0,0,0,0,0,0,0,0,0,0,0,,,0,0,0,0,0,0,0,0,0,0,0,0,0,0,0,Sliceace
2017-02-23,8,6,1.4,58.29,0,0,0,0,0,0,0,0,0,0,0,0,0,0,0,0,0,0,0,,,0,0,0,0,0,0,0,0,0,0,0,0,0,0,0,Sliceace
2017-02-24,6,4,1.5,65.23,0,0,0,0,0,0,2,0,0,0,0,0,0,0,0,0,0,0,0,,,0,0,0,0,0,0,0,0,0,0,0,0,0,0,0,Sliceace
2017-02-25,12,7,1.7,56.26,0,0,0,0,0,0,2,0,0,0,0,0,0,0,0,0,0,0,0,0,1,0,0,0,0,0,0,0,0,0,0,0,0,0,0,0,Sliceace
2017-02-26,10,13,0.8,34.5,0,0,0,0,0,0,2,0,0,0,0,0,0,0,0,0,0,0,0,1,1,0,0,0,0,0,0,0,0,1,1,0,0,0,0,0,Sliceace
2017-02-27,2,1,2.3,102.1,0,0,0,0,0,0,4,0,0,0,0,0,0,0,0,0,0,0,0,,,0,0,0,0,0,0,0,0,0,0,0,-1,0,1,0,Sliceace
2017-02-28,1,1,1,44.33,0,0,0,0,0,0,2,0,0,0,0,0,0,0,0,0,0,0,0,,,0,0,0,0,0,0,0,0,0,0,0,0,0,0,0,Sliceace
2017-03-01,8,5,1.5,82.63,0,0,0,0,0,0,4,0,0,0,0,0,0,0,0,0,0,0,0,,,0,0,0,0,0,0,0,0,0,0,0,0,0,0,0,Sliceace
2017-03-02,10,12,0.8,38.15,0,0,0,0,0,0,2,0,0,0,0,0,0,0,0,0,0,0,0,,,0,0,0,1,1,0,0,0,1,1,0,0,0,0,0,Sliceace
2017-03-03,8,5,1.5,73.23,0,0,0,0,0,0,2,0,0,0,0,0,0,0,0,0,0,0,0,,,0,0,0,0,0,0,0,0,0,0,0,0,0,0,0,Sliceace
2017-03-04,9,5,1.9,68.39,0,0,0,0,0,0,0,0,0,0,0,0,0,0,0,0,0,0,0,,,0,0,0,0,0,0,0,0,0,0,0,0,0,0,0,Sliceace
2017-03-05,4,8,0.5,23.19,0,0,0,0,0,0,2,0,0,0,0,0,0,0,0,0,0,0,0,,,0,0,0,0,0,0,0,0,0,0,0,0,0,0,0,Sliceace
2017-03-06,6,6,1,50.13,0,0,0,0,0,0,4,0,0,0,0,0,0,0,0,0,0,0,0,,,0,0,0,0,0,0,0,0,0,0,0,0,0,0,0,Sliceace
2017-03-07,15,22,0.7,28.32,0,0,0,0,0,0,4,0,0,0,0,0,0,0,0,0,0,0,0,,,0,0,0,0,0,0,0,0,0,0,0,0,0,0,0,Sliceace
2017-03-08,3,9,0.4,15.05,0,0,0,0,0,0,4,0,0,0,0,0,0,0,0,0,0,0,0,,,0,0,0,0,0,0,0,0,0,0,0,0,0,0,0,Sliceace
2017-03-09,18,16,1.1,53.49,0,0,0,0,0,0,4,0,0,0,0,0,0,0,0,0,0,0,0,,,0,0,0,0,0,0,0,0,0,0,0,1,1,0,0,Sliceace
2017-03-10,25,11,2.2,76.57,0,1,0,0,2,0,2,0,0,0,0,0,0,0,0,0,0,0,0,,,0,0,0,0,0,0,0,0,0,0,0,0,0,0,0,Sliceace
2017-03-11,12,8,1.4,60.47,0,0,0,0,0,0,2,0,0,0,0,0,0,0,0,0,0,0,0,,,0,0,0,0,0,0,0,0,0,0,0,0,0,0,0,Sliceace
2017-03-12,6,7,0.9,32.58,0,0,0,0,0,0,2,0,0,0,0,0,0,0,0,0,0,0,0,,,0,0,0,0,0,0,0,0,0,0,0,0,0,0,0,Sliceace
2017-03-13,2,2,1,49.26,0,0,0,0,0,0,0,0,0,0,0,0,0,0,0,0,0,0,0,,,0,0,0,0,0,0,0,0,0,0,0,0,0,0,0,Sliceace
2017-03-14,1,2,0.4,35.49,0,0,0,0,0,0,0,0,0,0,0,0,0,0,0,0,0,0,0,,,0,0,0,0,0,0,0,0,0,0,0,0,0,0,0,Sliceace
2017-03-15,0,1,0.2,15.05,0,0,0,0,0,0,0,0,0,0,0,0,0,0,0,0,0,0,0,,,0,0,0,0,0,0,0,0,0,0,0,0,0,0,0,Sliceace
2017-03-16,2,1,2,81.65,0,0,0,0,0,0,0,0,0,0,0,0,0,0,0,0,0,0,0,,,0,0,0,0,0,0,0,0,0,0,0,0,0,0,0,Sliceace
2017-03-17,8,3,2.8,81.61,0,0,0,0,0,0,0,0,0,0,0,0,0,0,0,0,0,0,0,,,0,0,0,0,0,0,0,0,0,0,0,0,0,0,0,Sliceace
2017-03-18,4,3,1.3,62.54,0,0,0,0,0,0,2,0,0,0,0,0,0,0,0,0,0,0,0,,,0,0,0,0,0,0,0,0,0,0,0,0,0,0,0,Sliceace
2017-03-19,1,4,0.3,11.21,0,0,0,0,0,0,0,0,0,0,0,0,0,0,0,0,0,0,0,,,0,0,0,0,0,0,0,0,0,0,0,0,0,0,0,Sliceace
2017-03-21,6,2,2.9,65.9,0,0,0,0,0,0,0,0,0,0,0,0,0,0,0,0,0,0,0,,,0,0,0,0,0,0,0,0,0,0,0,0,0,0,0,Sliceace
2017-03-22,4,6,0.6,25.79,0,0,0,0,0,0,2,0,0,0,0,0,0,0,0,0,0,0,0,,,0,0,0,0,0,0,0,0,0,0,0,0,0,0,0,Sliceace
2017-03-23,5,4,1.4,56.96,0,0,0,0,0,0,2,0,0,0,0,0,0,0,0,0,0,0,0,,,0,0,0,0,0,0,0,0,0,0,0,0,0,0,0,Sliceace
2017-03-24,59,28,2.1,51.65,0,0,0,0,2,0,4,0,0,0,0,0,0,0,0,0,0,0,0,1,1,1,1,0,0,0,0,4,0,1,1,0,2,2,0,1,Sliceace
2017-03-25,58,31,1.9,51.74,0,0,0,0,4,0,8,0,0,0,0,0,0,0,0,0,0,0,0,,,3,3,0,0,0,0,0,0,0,0,0,0,0,0,1,Sliceace
2017-03-26,31,10,3.1,61.98,0,0,0,0,0,0,4,0,0,0,0,0,0,0,0,0,0,0,0,,,0,0,0,0,0,0,0,0,0,0,0,0,0,0,1,Sliceace
2017-03-27,29,15,1.9,53.66,0,0,0,0,0,0,4,0,0,0,0,0,0,0,0,0,0,0,0,,,0,0,0,0,0,0,0,0,0,0,0,0,0,0,0,Sliceace
2017-03-28,17,19,0.9,25.28,0,0,0,0,2,0,4,0,0,0,0,0,0,0,0,0,0,0,0,,,0,0,0,0,0,0,0,0,0,0,0,0,0,0,0,Sliceace
2017-03-29,3,3,1.1,52.36,0,0,0,0,0,0,0,0,0,0,0,0,0,0,0,0,0,0,0,,,1,1,0,0,0,0,0,0,0,0,0,0,0,0,0,Sliceace
2017-03-30,16,10,1.6,44.88,0,0,0,0,0,0,2,0,0,0,0,0,0,0,0,0,0,0,0,,,0,0,0,0,0,0,0,0,1,1,0,0,0,0,0,Sliceace
2017-03-31,16,10,1.6,60.36,0,0,0,0,0,0,2,0,0,0,0,0,0,0,0,0,0,0,0,,,0,0,0,0,0,0,0,0,0,0,0,0,0,0,0,Sliceace
2017-04-01,7,8,0.9,37.45,0,0,0,0,0,0,0,0,0,0,0,0,0,0,0,0,0,0,0,,,0,0,0,0,0,0,0,0,0,0,0,0,0,0,0,Sliceace
2017-04-02,1,2,0.5,18.54,0,0,0,0,0,0,0,0,0,0,0,0,0,0,0,0,0,0,0,,,0,0,0,0,0,0,0,0,0,0,0,0,0,0,0,Sliceace
2017-04-03,2,5,0.4,16.5,0,0,0,0,0,0,0,0,0,0,0,0,0,0,0,0,0,0,0,,,1,1,0,0,0,0,0,0,0,0,0,1,1,0,0,Sliceace
2017-04-04,17,7,2.4,60.73,0,0,0,0,0,0,4,0,0,0,0,0,0,0,0,0,0,0,0,,,0,0,0,0,0,0,0,0,0,0,0,0,0,0,0,Sliceace
2017-04-05,7,7,1,48.55,0,0,0,0,1,0,0,0,0,0,0,0,0,0,0,0,0,0,0,,,0,0,0,0,0,0,0,0,0,0,0,0,0,0,0,Sliceace
2017-04-06,6,6,1.1,45.85,0,0,0,0,0,0,2,0,0,0,0,0,0,0,0,0,0,0,0,,,0,0,0,0,0,0,0,0,-1,0,1,0,0,0,0,Sliceace
2017-04-07,4,5,0.9,29.32,0,0,0,0,0,0,2,0,0,0,0,0,0,0,0,0,0,0,0,,,0,0,0,0,0,0,0,0,0,0,0,0,0,0,0,Sliceace
2017-04-08,2,3,0.8,25.9,0,0,0,0,0,0,0,0,0,0,0,0,0,0,0,0,0,0,0,,,0,0,0,0,0,0,0,0,0,0,0,0,0,0,0,Sliceace
2017-04-09,4,5,0.8,42.47,0,0,0,0,0,0,0,0,0,0,0,0,0,0,0,0,0,0,0,,,0,0,0,0,0,0,0,0,0,0,0,0,0,0,0,Sliceace
2017-04-10,4,5,0.9,41.78,0,0,0,0,0,0,0,0,0,0,0,0,0,0,0,0,0,0,0,,,0,0,0,0,0,0,0,0,0,0,0,0,0,0,0,Sliceace
2017-04-11,6,5,1.2,54.84,0,0,0,0,0,0,0,0,0,0,0,0,0,0,0,0,0,0,0,,,0,0,0,0,0,0,0,0,0,0,0,0,0,0,0,Sliceace
2017-04-12,2,1,1.7,99.91,0,0,0,0,0,0,2,0,0,0,0,0,0,0,0,0,0,0,0,,,0,0,0,0,0,0,0,0,0,0,0,-1,0,1,0,Sliceace
2017-04-13,4,4,0.9,40.45,0,0,0,0,0,0,2,0,0,0,0,0,0,0,0,0,0,0,0,,,0,0,0,0,0,0,0,0,0,0,0,0,0,0,0,Sliceace
2017-04-14,19,16,1.2,54.89,0,0,0,0,0,0,2,0,0,0,0,0,0,0,0,0,0,0,0,,,0,0,0,0,0,0,0,0,0,0,0,0,0,0,0,Sliceace
2017-04-15,5,6,0.8,23.41,0,0,0,0,0,0,0,0,0,0,0,0,0,0,0,0,0,0,0,,,0,0,0,0,0,0,0,0,0,0,0,0,0,0,0,Sliceace
2017-04-16,4,2,1.8,61.09,0,0,0,0,0,0,0,0,0,0,0,0,0,0,0,0,0,0,0,,,0,0,0,0,0,0,0,0,0,0,0,0,0,0,0,Sliceace
2017-04-17,12,6,2.1,66.55,0,0,0,0,0,0,0,0,0,0,0,0,0,0,0,0,0,0,0,,,0,0,0,0,0,0,0,0,0,0,0,0,0,0,0,Sliceace
2017-04-18,4,3,1.4,66.39,0,0,0,0,0,0,0,0,0,0,0,0,0,0,0,0,0,0,0,,,0,0,0,0,0,0,0,0,0,0,0,0,0,0,0,Sliceace
2017-04-19,3,5,0.7,41.6,0,0,0,0,0,0,0,0,0,0,0,0,0,0,0,0,0,0,0,,,0,0,0,0,0,0,0,0,0,0,0,0,0,0,0,Sliceace
2017-04-20,5,5,1.1,56.83,0,0,0,0,0,0,0,0,0,0,0,0,0,0,0,0,0,0,0,,,0,0,0,0,0,0,0,0,0,0,0,0,0,0,0,Sliceace
2017-04-21,8,6,1.3,56.65,0,0,0,0,0,0,0,0,0,0,0,0,0,0,0,0,0,0,0,,,0,0,0,0,0,0,0,0,0,0,0,0,0,0,0,Sliceace
2017-04-22,5,5,1.1,44.73,0,0,0,0,0,0,2,0,0,0,0,0,0,0,0,0,0,0,0,,,0,0,0,0,0,0,0,0,0,0,0,0,0,0,0,Sliceace
2017-04-23,6,3,2.1,74.39,0,0,0,0,0,0,0,0,0,0,0,0,0,0,0,0,0,0,0,,,0,0,0,0,0,0,0,0,0,0,0,0,0,0,0,Sliceace
2017-04-24,4,4,1.1,48.37,0,0,0,0,0,0,0,0,0,0,0,0,0,0,0,0,0,0,0,,,0,0,0,0,0,0,0,0,0,0,0,0,0,0,0,Sliceace
2017-04-25,6,4,1.4,51.91,0,0,0,0,0,0,0,0,0,0,0,0,0,0,0,0,0,0,0,,,0,0,0,0,0,0,0,0,0,0,0,0,0,0,0,Sliceace
2017-04-26,6,10,0.6,16,0,0,0,0,0,0,0,0,0,0,0,0,0,0,0,0,0,0,0,,,0,0,0,0,0,0,0,0,0,0,0,0,0,0,0,Sliceace
2017-04-27,10,14,0.7,34.15,0,0,0,0,0,0,2,1,50,0,0,0,0,0,0,0,0,0,0,,,0,0,0,0,0,0,0,0,0,0,0,0,0,0,0,Sliceace
2017-04-28,14,12,1.2,54.22,0,0,0,0,0,0,2,0,0,0,0,0,0,0,0,0,0,0,0,,,0,0,0,0,0,0,0,0,0,0,0,0,0,0,0,Sliceace
2017-04-29,4,5,0.7,67.2,0,0,0,0,0,0,0,0,0,0,0,0,0,0,0,0,0,0,0,,,0,0,0,0,0,0,0,0,0,0,0,0,0,0,0,Sliceace
2017-04-30,17,8,2.1,69.84,0,0,0,0,0,0,4,1,25,0,0,0,0,0,0,0,0,0,0,,,1,1,0,0,0,0,0,0,0,0,0,0,0,0,0,Sliceace
2017-05-01,2,2,1,45.89,0,0,0,0,0,0,0,0,0,0,0,0,0,0,0,0,0,0,0,,,0,0,0,0,0,0,0,0,0,0,0,0,0,0,0,Sliceace
2017-05-02,4,4,0.9,42.44,0,0,0,0,0,0,2,0,0,0,0,0,0,0,0,0,0,0,0,,,0,0,0,0,0,0,0,0,0,0,0,0,0,0,0,Sliceace
2017-05-03,2,2,1.1,30.89,0,0,0,0,0,0,0,0,0,0,0,0,0,0,0,0,0,0,0,,,0,0,0,0,0,0,0,0,0,0,0,0,0,0,0,Sliceace
2017-05-04,4,3,1.3,66.57,0,0,0,0,0,0,0,0,0,0,0,0,0,0,0,0,0,0,0,,,0,0,0,0,0,0,0,0,0,0,0,0,0,0,0,Sliceace
2017-05-05,13,11,1.2,40.46,0,1,0,1,1,100,2,0,0,0,0,0,0,0,0,0,0,0,0,,,0,0,0,0,0,0,0,0,0,0,0,0,0,0,0,Sliceace
2017-05-06,3,5,0.6,49.74,0,0,0,0,0,0,0,0,0,0,0,0,0,0,0,0,0,0,0,,,0,0,0,0,0,0,0,0,0,0,0,0,0,0,0,Sliceace
2017-05-07,4,7,0.6,37.16,0,0,0,0,0,0,0,0,0,0,0,0,0,0,0,0,0,0,0,,,0,0,0,0,0,0,0,0,0,0,0,0,0,0,0,Sliceace
2017-05-08,1,4,0.3,13.03,0,0,0,0,0,0,0,0,0,0,0,0,0,0,0,0,0,0,0,,,0,0,0,0,0,0,0,0,0,0,0,0,0,0,0,Sliceace
2017-05-09,2,2,0.9,26.79,0,0,0,0,0,0,0,0,0,0,0,0,0,0,0,0,0,0,0,,,0,0,0,0,0,0,0,0,0,0,0,0,0,0,0,Sliceace
2017-05-10,4,4,0.9,36.45,0,0,0,0,0,0,0,0,0,0,0,0,0,0,0,0,0,0,0,,,0,0,0,1,1,0,0,0,0,0,0,0,0,0,0,Sliceace
2017-05-11,3,3,1,33.93,0,0,0,0,0,0,0,0,0,0,0,0,0,0,0,0,0,0,0,,,0,0,0,0,0,0,0,0,0,0,0,0,1,1,0,Sliceace
2017-05-12,7,8,0.9,48.6,0,0,0,0,0,0,2,0,0,0,0,0,0,0,0,0,0,0,0,1,1,0,0,0,0,0,0,2,2,1,1,0,0,0,0,0,Sliceace
2017-05-13,16,14,1.2,53.34,0,0,0,0,0,0,6,0,0,0,0,0,0,0,0,0,0,0,0,,,1,1,0,0,0,0,2,0,0,0,0,0,0,0,0,Sliceace
2017-05-14,24,10,2.4,94.13,0,0,0,0,0,0,2,0,0,0,0,0,0,0,0,0,0,0,0,,,0,0,0,0,0,0,0,1,0,0,0,0,0,0,0,Sliceace
2017-05-15,8,4,2,84.57,0,0,0,0,0,0,0,0,0,0,0,0,0,0,0,0,0,0,0,,,0,0,0,0,0,0,0,0,0,0,0,0,0,0,0,Sliceace
2017-05-16,2,1,1.8,99.07,0,0,0,0,0,0,2,0,0,0,0,0,0,0,0,0,0,0,0,,,0,0,0,0,0,0,0,0,0,0,0,0,0,0,0,Sliceace
2017-05-17,8,5,1.6,59.22,0,0,0,0,0,0,0,0,0,0,0,0,0,0,0,0,0,0,0,,,0,0,0,0,0,0,0,0,0,0,0,0,0,0,0,Sliceace
2017-05-18,3,4,0.6,24.44,0,0,0,0,0,0,2,0,0,0,0,0,0,0,0,0,0,0,0,,,0,0,0,0,0,0,1,0,0,0,0,0,0,0,0,Sliceace
2017-05-19,2,3,0.6,18.71,0,0,0,0,0,0,0,0,0,0,0,0,0,0,0,0,0,0,0,,,0,0,0,0,0,0,0,0,0,0,0,0,0,0,0,Sliceace
2017-05-20,5,8,0.6,26.58,0,0,0,0,0,0,0,0,0,0,0,0,0,0,0,0,0,0,0,,,1,1,0,0,0,0,0,0,0,0,0,0,0,0,0,Sliceace
2017-05-21,4,5,0.8,34.66,0,0,0,0,0,0,4,0,0,0,0,0,0,0,0,0,0,0,0,,,0,0,0,0,0,0,0,0,0,0,0,0,0,0,0,Sliceace
2017-05-22,2,2,0.9,88.33,0,0,0,0,0,0,0,0,0,0,0,0,0,0,0,0,0,0,0,,,0,0,0,0,0,0,0,0,0,0,0,0,0,0,0,Sliceace
2017-05-23,3,3,1,67.51,0,0,0,0,0,0,0,0,0,0,0,0,0,0,0,0,0,0,0,,,0,0,0,0,0,0,0,0,0,0,0,0,0,0,0,Sliceace
2017-05-24,2,2,1,72.87,0,0,0,0,0,0,2,0,0,0,0,0,0,0,0,0,0,0,0,,,0,0,0,0,0,0,0,0,0,0,0,0,0,0,0,Sliceace
2017-05-25,17,22,0.8,52.87,0,0,0,0,0,0,2,0,0,0,0,0,0,0,0,0,0,0,0,,,0,0,0,0,0,0,3,0,0,0,0,0,0,0,0,Sliceace
2017-05-26,11,14,0.8,73.21,0,0,0,0,0,0,0,0,0,0,0,0,0,0,0,0,0,0,0,,,1,1,0,0,0,0,0,0,0,0,0,0,0,0,0,Sliceace
2017-05-27,3,2,1.4,82.3,0,0,0,0,0,0,0,0,0,0,0,0,0,0,0,0,0,0,0,,,0,0,0,0,0,0,0,0,0,0,0,0,0,0,0,Sliceace
2017-05-28,1,1,1.3,75.25,0,0,0,0,0,0,0,0,0,0,0,0,0,0,0,0,0,0,0,,,0,0,0,0,0,0,0,0,0,0,0,0,0,0,0,Sliceace
2017-05-29,4,3,1.3,54.73,0,0,0,0,0,0,2,0,0,0,0,0,0,0,0,0,0,0,0,,,0,0,0,0,0,0,0,0,0,0,0,0,0,0,0,Sliceace
2017-05-30,5,6,0.8,31.45,0,0,0,0,0,0,0,0,0,0,0,0,0,0,0,0,0,0,0,,,0,0,0,0,0,0,0,0,0,0,0,0,0,0,0,Sliceace
2017-05-31,12,7,1.7,75.19,0,0,0,0,0,0,6,0,0,0,0,0,0,0,0,0,0,0,0,,,0,0,0,0,0,0,0,0,0,0,0,0,0,0,0,Sliceace
2017-06-01,4,2,1.8,71.63,0,0,0,0,0,0,0,0,0,0,0,0,0,0,0,0,0,0,0,,,0,0,0,0,0,0,0,0,0,0,0,0,0,0,0,Sliceace
2017-06-02,2,3,0.6,46.95,0,0,0,0,0,0,0,0,0,0,0,0,0,0,0,0,0,0,0,,,0,0,0,0,0,0,0,0,0,0,0,0,0,0,0,Sliceace
